sequence,timestamp,page,order_in_page,cuce,label,source_name,target_name,mode,status
530,2026-06-29T01:58:50.081Z,89,9,26-0902-41-1666745-1-1,Documento Base de Contratacion,VdYAeW.docx,26-0902-41-1666745-1-1-documento_base_contratacion.docx,move,skipped_existing_target
531,2026-06-29T01:58:58.101Z,89,10,26-1701-00-1668649-1-1,Documento Base de Contratacion,URjOXVSnv.docx,26-1701-00-1668649-1-1-documento_base_contratacion.docx,move,moved
532,2026-06-29T01:59:16.011Z,90,1,26-0517-02-1668696-1-1,Documento Base de Contratacion,JABoRc.docx,26-0517-02-1668696-1-1-documento_base_contratacion.docx,move,moved
533,2026-06-29T01:59:24.030Z,90,2,26-0206-05-1667995-1-1,Documento Base de Contratacion,l3CLy5fbS.docx,26-0206-05-1667995-1-1-documento_base_contratacion.docx,move,moved
534,2026-06-29T01:59:32.045Z,90,3,26-1101-00-1668699-1-1,Documento Base de Contratacion,fKs34Q.docx,26-1101-00-1668699-1-1-documento_base_contratacion.docx,move,moved
535,2026-06-29T01:59:40.060Z,90,4,26-0781-00-1668694-1-1,Documento Base de Contratacion,NaXIbNEFx.docx,26-0781-00-1668694-1-1-documento_base_contratacion.docx,move,moved
536,2026-06-29T01:59:48.078Z,90,5,26-1101-00-1644968-1-2,Documento Base de Contratacion,aml3vjlO.docx,26-1101-00-1644968-1-2-documento_base_contratacion.docx,move,moved
537,2026-06-29T01:59:56.097Z,90,6,26-1701-00-1668682-1-1,Documento Base de Contratacion,UgJRrV2k.docx,26-1701-00-1668682-1-1-documento_base_contratacion.docx,move,moved
538,2026-06-29T02:00:04.102Z,90,7,26-0903-20-1667492-1-1,Documento Base de Contratacion,oWvWwV.docx,26-0903-20-1667492-1-1-documento_base_contratacion.docx,move,moved
539,2026-06-29T02:00:12.121Z,90,8,26-0417-04-1668548-1-1,Documento Base de Contratacion,uFnLyk.docx,26-0417-04-1668548-1-1-documento_base_contratacion.docx,move,moved
540,2026-06-29T02:00:30.051Z,91,1,26-1101-00-1634722-2-1,Documento Base de Contratacion,z8ihtPpxp.docx,26-1101-00-1634722-2-1-documento_base_contratacion.docx,move,moved
541,2026-06-29T02:00:38.069Z,91,2,26-1701-00-1668505-1-1,Documento Base de Contratacion,HQUCckqB.docx,26-1701-00-1668505-1-1-documento_base_contratacion.docx,move,moved
542,2026-06-29T02:00:46.090Z,91,3,26-0417-04-1668588-1-1,Documento Base de Contratacion,zfDA2Ak.docx,26-0417-04-1668588-1-1-documento_base_contratacion.docx,move,moved
543,2026-06-29T02:00:54.101Z,91,4,26-0517-02-1668592-1-1,Documento Base de Contratacion,eUZLOhY5H6.docx,26-0517-02-1668592-1-1-documento_base_contratacion.docx,move,moved
544,2026-06-29T02:01:02.117Z,91,5,26-0660-07-1668644-1-1,Documento Base de Contratacion,TP4yOY.docx,26-0660-07-1668644-1-1-documento_base_contratacion.docx,move,moved
545,2026-06-29T02:01:10.124Z,91,6,26-0660-10-1668664-1-1,Documento Base de Contratacion,2NtF3Qhf7.docx,26-0660-10-1668664-1-1-documento_base_contratacion.docx,move,moved
546,2026-06-29T02:01:18.143Z,91,7,26-1701-00-1668596-1-1,Documento Base de Contratacion,wAtME9cc9E.docx,26-1701-00-1668596-1-1-documento_base_contratacion.docx,move,moved
547,2026-06-29T02:01:26.161Z,91,8,26-0903-20-1667489-1-1,Documento Base de Contratacion,MZsdPo16P.docx,26-0903-20-1667489-1-1-documento_base_contratacion.docx,move,moved
548,2026-06-29T02:01:34.178Z,91,9,26-0517-02-1668491-1-1,Documento Base de Contratacion,UGLAq96.docx,26-0517-02-1668491-1-1-documento_base_contratacion.docx,move,moved
549,2026-06-29T02:01:42.188Z,91,10,26-0417-09-1668659-1-1,Documento Base de Contratacion,tWIpuQe3fS.docx,26-0417-09-1668659-1-1-documento_base_contratacion.docx,move,moved
550,2026-06-29T02:02:00.069Z,92,1,26-0417-09-1668656-1-1,Documento Base de Contratacion,1FKEeD.docx,26-0417-09-1668656-1-1-documento_base_contratacion.docx,move,moved
551,2026-06-29T02:02:08.077Z,92,2,26-1313-00-1668531-1-1,Documento Base de Contratacion,ag762W.docx,26-1313-00-1668531-1-1-documento_base_contratacion.docx,move,moved
552,2026-06-29T02:02:16.082Z,92,3,26-0020-10-1668042-1-1,Documento Base de Contratacion,TLX5L5g.docx,26-0020-10-1668042-1-1-documento_base_contratacion.docx,move,moved
553,2026-06-29T02:02:24.102Z,92,4,26-0660-07-1668461-1-1,Documento Base de Contratacion,73GyjI4bc.docx,26-0660-07-1668461-1-1-documento_base_contratacion.docx,move,moved
554,2026-06-29T02:02:32.120Z,92,5,26-1734-00-1667495-1-1,Documento Base de Contratacion,PkAIS2.docx,26-1734-00-1667495-1-1-documento_base_contratacion.docx,move,moved
555,2026-06-29T02:02:40.128Z,92,6,26-0517-02-1668484-1-1,Documento Base de Contratacion,NYFXcO1k.docx,26-0517-02-1668484-1-1-documento_base_contratacion.docx,move,moved
556,2026-06-29T02:02:48.148Z,92,7,26-1701-00-1668608-1-1,Documento Base de Contratacion,prSW23.docx,26-1701-00-1668608-1-1-documento_base_contratacion.docx,move,moved
557,2026-06-29T02:03:06.058Z,93,1,26-0903-19-1668584-1-1,Documento Base de Contratacion,Rr5DIvb.docx,26-0903-19-1668584-1-1-documento_base_contratacion.docx,move,moved
558,2026-06-29T02:03:14.075Z,93,2,26-0054-02-1667479-1-1,Documento Base de Contratacion,qT3H3F.docx,26-0054-02-1667479-1-1-documento_base_contratacion.docx,move,moved
559,2026-06-29T02:03:22.094Z,93,3,26-0903-17-1668174-1-1,Documento Base de Contratacion,fmOq8oo.docx,26-0903-17-1668174-1-1-documento_base_contratacion.docx,move,moved
560,2026-06-29T02:03:30.116Z,93,4,26-1734-00-1666460-1-1,Documento Base de Contratacion,6mT94ED.docx,26-1734-00-1666460-1-1-documento_base_contratacion.docx,move,moved
561,2026-06-29T02:03:38.123Z,93,5,26-1201-00-1668566-1-1,Documento Base de Contratacion,iXmHZ4.docx,26-1201-00-1668566-1-1-documento_base_contratacion.docx,move,moved
562,2026-06-29T02:03:46.146Z,93,6,26-0903-20-1667512-1-1,Documento Base de Contratacion,xM1sZcN.docx,26-0903-20-1667512-1-1-documento_base_contratacion.docx,move,moved
563,2026-06-29T02:03:54.166Z,93,7,26-1704-00-1662727-1-2,Documento Base de Contratacion,FnGdTgyn1.doc,26-1704-00-1662727-1-2-documento_base_contratacion.doc,move,moved
564,2026-06-29T02:04:02.178Z,93,8,26-660-15-1668599-1-1,Documento Base de Contratacion,SpcPDlM.docx,26-660-15-1668599-1-1-documento_base_contratacion.docx,move,moved
565,2026-06-29T02:04:10.185Z,93,9,26-1201-00-1668589-1-1,Documento Base de Contratacion,YnObBIcDLy.docx,26-1201-00-1668589-1-1-documento_base_contratacion.docx,move,moved
566,2026-06-29T02:04:28.090Z,94,1,26-0903-20-1667507-1-1,Documento Base de Contratacion,qo5xubk.docx,26-0903-20-1667507-1-1-documento_base_contratacion.docx,move,moved
567,2026-06-29T02:04:36.107Z,94,2,26-1734-00-1668180-1-1,Documento Base de Contratacion,xdzswvl.docx,26-1734-00-1668180-1-1-documento_base_contratacion.docx,move,moved
568,2026-06-29T02:04:44.114Z,94,3,26-1701-00-1668479-1-1,Documento Base de Contratacion,EQvaJzM1.docx,26-1701-00-1668479-1-1-documento_base_contratacion.docx,move,moved
569,2026-06-29T02:04:52.125Z,94,4,26-0517-02-1663840-1-2,Documento Base de Contratacion,dGPOwuhyg4.docx,26-0517-02-1663840-1-2-documento_base_contratacion.docx,move,moved
570,2026-06-29T02:05:00.146Z,94,5,26-0903-17-1668576-1-1,Documento Base de Contratacion,DIpwWnj.doc,26-0903-17-1668576-1-1-documento_base_contratacion.doc,move,moved
571,2026-06-29T02:05:08.164Z,94,6,26-0517-02-1668539-1-1,Documento Base de Contratacion,1vcbCjt.docx,26-0517-02-1668539-1-1-documento_base_contratacion.docx,move,moved
572,2026-06-29T02:05:16.183Z,94,7,26-0517-02-1668471-1-1,Documento Base de Contratacion,2CK5YU.docx,26-0517-02-1668471-1-1-documento_base_contratacion.docx,move,moved
573,2026-06-29T02:05:24.201Z,94,8,26-0902-21-1668036-1-1,Documento Base de Contratacion,nFDbKcd.docx,26-0902-21-1668036-1-1-documento_base_contratacion.docx,move,moved
574,2026-06-29T02:05:32.220Z,94,9,26-0903-19-1668503-1-1,Documento Base de Contratacion,nvjOGB.docx,26-0903-19-1668503-1-1-documento_base_contratacion.docx,move,moved
575,2026-06-29T02:05:40.240Z,94,10,26-0905-01-1668560-1-1,Documento Base de Contratacion,QtnkSkfTNk.docx,26-0905-01-1668560-1-1-documento_base_contratacion.docx,move,moved
576,2026-06-29T02:05:58.117Z,95,1,26-1701-00-1668540-1-1,Documento Base de Contratacion,b8DwPapO.docx,26-1701-00-1668540-1-1-documento_base_contratacion.docx,move,moved
577,2026-06-29T02:06:06.125Z,95,2,26-0417-09-1668564-1-1,Documento Base de Contratacion,O1JOeU.docx,26-0417-09-1668564-1-1-documento_base_contratacion.docx,move,moved
578,2026-06-29T02:06:14.130Z,95,3,26-1701-00-1666425-1-1,Documento Base de Contratacion,RnhrZv88.docx,26-1701-00-1666425-1-1-documento_base_contratacion.docx,move,moved
579,2026-06-29T02:06:22.138Z,95,4,26-0417-09-1668544-1-1,Documento Base de Contratacion,VsL3uXmPo.docx,26-0417-09-1668544-1-1-documento_base_contratacion.docx,move,moved
580,2026-06-29T02:06:30.158Z,95,5,26-0016-27-1668516-1-1,Documento Base de Contratacion,LMW42e.docx,26-0016-27-1668516-1-1-documento_base_contratacion.docx,move,moved
581,2026-06-29T02:06:48.124Z,96,1,26-0417-09-1668508-1-1,Documento Base de Contratacion,Lp6A59.docx,26-0417-09-1668508-1-1-documento_base_contratacion.docx,move,moved
582,2026-06-29T02:06:56.144Z,96,2,26-0660-14-1652234-1-2,Documento Base de Contratacion,AUw82jX7Op.docx,26-0660-14-1652234-1-2-documento_base_contratacion.docx,move,moved
583,2026-06-29T02:07:04.164Z,96,3,26-1701-00-1666445-1-1,Documento Base de Contratacion,tgXaIB.docx,26-1701-00-1666445-1-1-documento_base_contratacion.docx,move,moved
584,2026-06-29T02:07:12.182Z,96,4,26-1401-03-1668454-1-1,Documento Base de Contratacion,ETHazY.docx,26-1401-03-1668454-1-1-documento_base_contratacion.docx,move,moved
585,2026-06-29T02:07:20.189Z,96,5,26-2327-00-1656788-2-1,Documento Base de Contratacion,qi1ewYMTTx.docx,26-2327-00-1656788-2-1-documento_base_contratacion.docx,move,moved
586,2026-06-29T02:07:38.120Z,97,1,26-0054-03-1668437-1-1,Documento Base de Contratacion,tSGxAcfUmJ.docx,26-0054-03-1668437-1-1-documento_base_contratacion.docx,move,moved
587,2026-06-29T02:07:46.138Z,97,2,26-1120-00-1668388-1-1,Documento Base de Contratacion,ERttPGs6r.docx,26-1120-00-1668388-1-1-documento_base_contratacion.docx,move,moved
588,2026-06-29T02:07:54.146Z,97,3,26-0517-02-1668433-1-1,Documento Base de Contratacion,hBppWsK.docx,26-0517-02-1668433-1-1-documento_base_contratacion.docx,move,moved
589,2026-06-29T02:08:02.166Z,97,4,26-1507-00-1666667-1-1,Documento Base de Contratacion,zvnSPEUmcM.docx,26-1507-00-1666667-1-1-documento_base_contratacion.docx,move,moved
590,2026-06-29T02:08:10.186Z,97,5,26-0283-00-1667975-1-1,Documento Base de Contratacion,5Ue22v.docx,26-0283-00-1667975-1-1-documento_base_contratacion.docx,move,moved
591,2026-06-29T02:08:18.206Z,97,6,26-0904-04-1667846-1-1,Documento Base de Contratacion,wTlLYJvB.docx,26-0904-04-1667846-1-1-documento_base_contratacion.docx,move,moved
592,2026-06-29T02:08:26.225Z,97,7,26-0422-00-1668140-1-1,Documento Base de Contratacion,iCEKP8.docx,26-0422-00-1668140-1-1-documento_base_contratacion.docx,move,moved
593,2026-06-29T02:08:44.243Z,98,1,26-0283-00-1667608-1-1,Documento Base de Contratacion,lexlalyNJ.docx,26-0283-00-1667608-1-1-documento_base_contratacion.docx,move,moved
594,2026-06-29T02:08:52.249Z,98,2,26-0422-00-1655609-2-1,Documento Base de Contratacion,qwBbKkp.docx,26-0422-00-1655609-2-1-documento_base_contratacion.docx,move,moved
595,2026-06-29T02:09:00.268Z,98,3,26-1308-00-1664246-2-1,Documento Base de Contratacion,TAbwJlF.docx,26-1308-00-1664246-2-1-documento_base_contratacion.docx,move,moved
596,2026-06-29T02:09:08.277Z,98,4,26-0411-00-1668341-1-1,Documento Base de Contratacion,ujLjbVZkqa.docx,26-0411-00-1668341-1-1-documento_base_contratacion.docx,move,moved
597,2026-06-29T02:09:16.295Z,98,5,26-0422-00-1668369-1-1,Documento Base de Contratacion,UpEJjvg3f.docx,26-0422-00-1668369-1-1-documento_base_contratacion.docx,move,moved
598,2026-06-29T02:09:24.300Z,98,6,26-1201-00-1668316-1-1,Documento Base de Contratacion,vqg1Trmo.docx,26-1201-00-1668316-1-1-documento_base_contratacion.docx,move,moved
599,2026-06-29T02:09:32.308Z,98,7,26-1201-00-1665457-1-2,Documento Base de Contratacion,iuKoA8.docx,26-1201-00-1665457-1-2-documento_base_contratacion.docx,move,moved
600,2026-06-29T02:09:40.321Z,98,8,26-1201-00-1668103-1-1,Documento Base de Contratacion,uZURGmupUC.docx,26-1201-00-1668103-1-1-documento_base_contratacion.docx,move,moved
601,2026-06-29T02:09:48.339Z,98,9,26-1201-00-1668275-1-1,Documento Base de Contratacion,OG1rKVmY.docx,26-1201-00-1668275-1-1-documento_base_contratacion.docx,move,moved
602,2026-06-29T02:09:56.357Z,98,10,26-0035-01-1668137-1-1,Documento Base de Contratacion,m6NZIy.docx,26-0035-01-1668137-1-1-documento_base_contratacion.docx,move,moved
603,2026-06-29T02:10:14.331Z,99,1,26-1201-00-1633430-2-1,Documento Base de Contratacion,sD8O2Vcc.docx,26-1201-00-1633430-2-1-documento_base_contratacion.docx,move,moved
604,2026-06-29T02:10:22.351Z,99,2,26-1206-00-1667256-1-1,Documento Base de Contratacion,pPCgDfCN8C.docx,26-1206-00-1667256-1-1-documento_base_contratacion.docx,move,moved
605,2026-06-29T02:10:30.370Z,99,3,26-0041-25-1668296-1-1,Documento Base de Contratacion,zu5JpnmT.docx,26-0041-25-1668296-1-1-documento_base_contratacion.docx,move,moved
606,2026-06-29T02:10:38.382Z,99,4,26-0035-01-1654079-1-2,Documento Base de Contratacion,laqhiJ3xRN.docx,26-0035-01-1654079-1-2-documento_base_contratacion.docx,move,moved
607,2026-06-29T02:10:46.401Z,99,5,26-1302-00-1646653-1-2,Documento Base de Contratacion,CDe7Rc.docx,26-1302-00-1646653-1-2-documento_base_contratacion.docx,move,moved
608,2026-06-29T02:10:54.421Z,99,6,26-0389-00-1668420-1-1,Documento Base de Contratacion,zKvSxxiP.docx,26-0389-00-1668420-1-1-documento_base_contratacion.docx,move,moved
609,2026-06-29T02:11:02.441Z,99,7,26-1302-00-1667659-1-2,Documento Base de Contratacion,iQs4wFz8S.docx,26-1302-00-1667659-1-2-documento_base_contratacion.docx,move,moved
610,2026-06-29T02:11:10.460Z,99,8,26-1302-00-1668370-1-1,Documento Base de Contratacion,N3xNo7.docx,26-1302-00-1668370-1-1-documento_base_contratacion.docx,move,moved
611,2026-06-29T02:11:18.478Z,99,9,26-1201-00-1633262-2-1,Documento Base de Contratacion,bwMl7Qdn.docx,26-1201-00-1633262-2-1-documento_base_contratacion.docx,move,moved
612,2026-06-29T02:11:26.488Z,99,10,26-0035-01-1660720-2-1,Documento Base de Contratacion,3CxDYE.docx,26-0035-01-1660720-2-1-documento_base_contratacion.docx,move,moved
613,2026-06-29T02:11:44.397Z,100,1,26-0660-11-1654520-3-1,Documento Base de Contratacion,Q6NbCJaQk.docx,26-0660-11-1654520-3-1-documento_base_contratacion.docx,move,moved
614,2026-06-29T02:11:52.418Z,100,2,26-0903-17-1668359-1-1,Documento Base de Contratacion,UK1zBSXjQ.docx,26-0903-17-1668359-1-1-documento_base_contratacion.docx,move,moved
615,2026-06-29T02:12:00.438Z,100,3,26-1201-00-1668412-1-1,Documento Base de Contratacion,b9vN5PN.docx,26-1201-00-1668412-1-1-documento_base_contratacion.docx,move,moved
616,2026-06-29T02:12:08.444Z,100,4,26-1201-00-1633255-2-1,Documento Base de Contratacion,6qKZgG.doc,26-1201-00-1633255-2-1-documento_base_contratacion.doc,move,moved
617,2026-06-29T02:12:16.453Z,100,5,26-0046-37-1663664-2-1,Documento Base de Contratacion,Vxybspg.docx,26-0046-37-1663664-2-1-documento_base_contratacion.docx,move,moved
618,2026-06-29T02:12:24.460Z,100,6,26-1701-00-1668374-1-1,Documento Base de Contratacion,5oRGWY.docx,26-1701-00-1668374-1-1-documento_base_contratacion.docx,move,moved
619,2026-06-29T02:12:32.466Z,100,7,26-0905-00-1668411-1-1,Documento Base de Contratacion,WaCgLYDGC.docx,26-0905-00-1668411-1-1-documento_base_contratacion.docx,move,moved
620,2026-06-29T02:12:40.486Z,100,8,26-1201-00-1633374-2-1,Documento Base de Contratacion,jx7Ckjh.docx,26-1201-00-1633374-2-1-documento_base_contratacion.docx,move,moved
621,2026-06-29T02:12:48.507Z,100,9,26-0035-09-1668397-1-1,Documento Base de Contratacion,uOVfn4.docx,26-0035-09-1668397-1-1-documento_base_contratacion.docx,move,moved
622,2026-06-29T02:12:56.517Z,100,10,26-0035-09-1668394-1-1,Documento Base de Contratacion,qedSIfLsF4.docx,26-0035-09-1668394-1-1-documento_base_contratacion.docx,move,moved
623,2026-06-29T02:13:14.491Z,101,1,26-0035-09-1668382-1-1,Documento Base de Contratacion,TPE9aA.docx,26-0035-09-1668382-1-1-documento_base_contratacion.docx,move,moved
624,2026-06-29T02:13:22.510Z,101,2,26-1201-00-1668399-1-1,Documento Base de Contratacion,UPCDQFJY.docx,26-1201-00-1668399-1-1-documento_base_contratacion.docx,move,moved
625,2026-06-29T02:13:30.531Z,101,3,26-1701-00-1666436-1-1,Documento Base de Contratacion,984TEChlZ.docx,26-1701-00-1666436-1-1-documento_base_contratacion.docx,move,moved
626,2026-06-29T02:13:38.551Z,101,4,26-1201-00-1668144-1-1,Documento Base de Contratacion,B8fI6A.docx,26-1201-00-1668144-1-1-documento_base_contratacion.docx,move,moved
627,2026-06-29T02:13:46.571Z,101,5,26-0905-00-1640085-2-1,Documento Base de Contratacion,MY72YGO.docx,26-0905-00-1640085-2-1-documento_base_contratacion.docx,move,moved
628,2026-06-29T02:13:54.593Z,101,6,26-0418-07-1667862-1-1,Documento Base de Contratacion,EGPVzw.docx,26-0418-07-1667862-1-1-documento_base_contratacion.docx,move,moved
629,2026-06-29T02:14:02.607Z,101,7,26-0905-09-1668403-1-1,Documento Base de Contratacion,S7zZBtVr3t.docx,26-0905-09-1668403-1-1-documento_base_contratacion.docx,move,moved
630,2026-06-29T02:14:10.627Z,101,8,26-0904-00-1653954-2-1,Documento Base de Contratacion,2sF3lun6.docx,26-0904-00-1653954-2-1-documento_base_contratacion.docx,move,moved
631,2026-06-29T02:14:18.647Z,101,9,26-1201-00-1668390-1-1,Documento Base de Contratacion,qjv2LQN.docx,26-1201-00-1668390-1-1-documento_base_contratacion.docx,move,moved
632,2026-06-29T02:14:26.664Z,101,10,26-0905-09-1668395-1-1,Documento Base de Contratacion,z6pFa4GoY.docx,26-0905-09-1668395-1-1-documento_base_contratacion.docx,move,moved
633,2026-06-29T02:14:44.552Z,102,1,26-1206-00-1667736-1-1,Documento Base de Contratacion,mcoIUDZWZ.docx,26-1206-00-1667736-1-1-documento_base_contratacion.docx,move,moved
634,2026-06-29T02:14:52.558Z,102,2,26-1701-00-1668289-1-1,Documento Base de Contratacion,R2oTgsc.docx,26-1701-00-1668289-1-1-documento_base_contratacion.docx,move,moved
635,2026-06-29T02:15:00.576Z,102,3,26-0046-45-1668131-1-1,Documento Base de Contratacion,sQS3C9Z7O.docx,26-0046-45-1668131-1-1-documento_base_contratacion.docx,move,moved
636,2026-06-29T02:15:08.586Z,102,4,26-2303-00-1668313-1-1,Documento Base de Contratacion,WkipvMBxWx.docx,26-2303-00-1668313-1-1-documento_base_contratacion.docx,move,moved
637,2026-06-29T02:15:16.593Z,102,5,26-0905-00-1636677-2-1,Documento Base de Contratacion,783nTTJx.docx,26-0905-00-1636677-2-1-documento_base_contratacion.docx,move,moved
638,2026-06-29T02:15:24.601Z,102,6,26-0907-00-1668389-1-1,Documento Base de Contratacion,5sfrMTR.docx,26-0907-00-1668389-1-1-documento_base_contratacion.docx,move,moved
639,2026-06-29T02:15:32.620Z,102,7,26-0517-02-1668345-1-1,Documento Base de Contratacion,wCnFKmoRU.docx,26-0517-02-1668345-1-1-documento_base_contratacion.docx,move,moved
640,2026-06-29T02:15:40.640Z,102,8,26-1305-00-1667504-1-2,Documento Base de Contratacion,k8vxgxVtV.docx,26-1305-00-1667504-1-2-documento_base_contratacion.docx,move,moved
641,2026-06-29T02:15:48.660Z,102,9,26-1312-00-1668354-1-1,Documento Base de Contratacion,qZnII1.docx,26-1312-00-1668354-1-1-documento_base_contratacion.docx,move,moved
642,2026-06-29T02:15:56.669Z,102,10,26-1305-00-1667600-1-2,Documento Base de Contratacion,3wAr3r.docx,26-1305-00-1667600-1-2-documento_base_contratacion.docx,move,moved
643,2026-06-29T02:16:14.607Z,103,1,26-0417-05-1668267-1-1,Documento Base de Contratacion,pMKWVV.docx,26-0417-05-1668267-1-1-documento_base_contratacion.docx,move,moved
644,2026-06-29T02:16:22.613Z,103,2,26-1201-00-1668218-1-1,Documento Base de Contratacion,qGIlbDDvX.docx,26-1201-00-1668218-1-1-documento_base_contratacion.docx,move,moved
645,2026-06-29T02:16:30.635Z,103,3,26-0902-42-1668141-1-1,Documento Base de Contratacion,Zir7vK6g.docx,26-0902-42-1668141-1-1-documento_base_contratacion.docx,move,moved
646,2026-06-29T02:16:38.656Z,103,4,26-1537-00-1666257-1-1,Documento Base de Contratacion,GZUBvt4BI.docx,26-1537-00-1666257-1-1-documento_base_contratacion.docx,move,moved
647,2026-06-29T02:16:46.678Z,103,5,26-1312-00-1668368-1-1,Documento Base de Contratacion,dGva8p7.docx,26-1312-00-1668368-1-1-documento_base_contratacion.docx,move,moved
648,2026-06-29T02:16:54.685Z,103,6,26-0417-05-1668143-1-1,Documento Base de Contratacion,vfWKiKs.docx,26-0417-05-1668143-1-1-documento_base_contratacion.docx,move,moved
649,2026-06-29T02:17:02.708Z,103,7,26-0907-00-1668373-1-1,Documento Base de Contratacion,WSHRozFEi.docx,26-0907-00-1668373-1-1-documento_base_contratacion.docx,move,moved
650,2026-06-29T02:17:10.729Z,103,8,26-0266-00-1658979-2-1,Documento Base de Contratacion,KGOfVihB4v.docx,26-0266-00-1658979-2-1-documento_base_contratacion.docx,move,moved
651,2026-06-29T02:17:18.751Z,103,9,26-1701-00-1668324-1-1,Documento Base de Contratacion,9NRNlCa1.docx,26-1701-00-1668324-1-1-documento_base_contratacion.docx,move,moved
652,2026-06-29T02:17:26.765Z,103,10,26-0389-00-1667843-1-1,Documento Base de Contratacion,9IsEDHwRz.docx,26-0389-00-1667843-1-1-documento_base_contratacion.docx,move,moved
653,2026-06-29T02:17:44.677Z,104,1,26-0902-40-1667719-1-1,Documento Base de Contratacion,cN4KJee.docx,26-0902-40-1667719-1-1-documento_base_contratacion.docx,move,moved
654,2026-06-29T02:17:52.692Z,104,2,26-1106-00-1667614-1-1,Documento Base de Contratacion,pW7O51VFI.docx,26-1106-00-1667614-1-1-documento_base_contratacion.docx,move,moved
655,2026-06-29T02:18:00.702Z,104,3,26-1345-00-1656139-2-1,Documento Base de Contratacion,yH5btT.docx,26-1345-00-1656139-2-1-documento_base_contratacion.docx,move,moved
656,2026-06-29T02:18:08.712Z,104,4,26-0907-00-1668338-1-1,Documento Base de Contratacion,R53qWITJe.docx,26-0907-00-1668338-1-1-documento_base_contratacion.docx,move,moved
657,2026-06-29T02:18:16.724Z,104,5,26-1701-00-1666527-1-1,Documento Base de Contratacion,Sdu8Jf.docx,26-1701-00-1666527-1-1-documento_base_contratacion.docx,move,moved
658,2026-06-29T02:18:24.743Z,104,6,26-0907-00-1668328-1-1,Documento Base de Contratacion,srB1sW.docx,26-0907-00-1668328-1-1-documento_base_contratacion.docx,move,moved
659,2026-06-29T02:18:32.760Z,104,7,26-0287-07-1667511-1-1,Documento Base de Contratacion,dt7IKEmc.docx,26-0287-07-1667511-1-1-documento_base_contratacion.docx,move,moved
660,2026-06-29T02:18:40.767Z,104,8,26-1401-03-1668244-1-1,Documento Base de Contratacion,bi6Fdp.docx,26-1401-03-1668244-1-1-documento_base_contratacion.docx,move,moved
661,2026-06-29T02:18:48.778Z,104,9,26-0907-00-1668319-1-1,Documento Base de Contratacion,F3iHlBKShm.docx,26-0907-00-1668319-1-1-documento_base_contratacion.docx,move,moved
662,2026-06-29T02:18:56.791Z,104,10,26-0132-00-1666082-1-1,Documento Base de Contratacion,OVBsWnmg.docx,26-0132-00-1666082-1-1-documento_base_contratacion.docx,move,moved
663,2026-06-29T02:19:14.694Z,105,1,26-0907-00-1668310-1-1,Documento Base de Contratacion,alGxOC.docx,26-0907-00-1668310-1-1-documento_base_contratacion.docx,move,moved
664,2026-06-29T02:19:22.713Z,105,2,26-0907-00-1668305-1-1,Documento Base de Contratacion,sJd3HT.docx,26-0907-00-1668305-1-1-documento_base_contratacion.docx,move,moved
665,2026-06-29T02:19:30.734Z,105,3,26-1206-00-1667602-1-1,Documento Base de Contratacion,Gxyov2soA.docx,26-1206-00-1667602-1-1-documento_base_contratacion.docx,move,moved
666,2026-06-29T02:19:38.755Z,105,4,26-1304-00-1668135-1-1,Documento Base de Contratacion,IcbVBvE.docx,26-1304-00-1668135-1-1-documento_base_contratacion.docx,move,moved
667,2026-06-29T02:19:46.775Z,105,5,26-0517-02-1667662-1-1,Documento Base de Contratacion,zV7leTM6N.docx,26-0517-02-1667662-1-1-documento_base_contratacion.docx,move,moved
668,2026-06-29T02:19:54.796Z,105,6,26-1803-00-1668279-1-1,Documento Base de Contratacion,NEtaSfCU.docx,26-1803-00-1668279-1-1-documento_base_contratacion.docx,move,moved
669,2026-06-29T02:20:02.805Z,105,7,26-0376-00-1668271-1-1,Documento Base de Contratacion,YzDm83opBH.docx,26-0376-00-1668271-1-1-documento_base_contratacion.docx,move,moved
670,2026-06-29T02:20:10.828Z,105,8,26-0041-26-1668240-1-1,Documento Base de Contratacion,9HnUfB.docx,26-0041-26-1668240-1-1-documento_base_contratacion.docx,move,moved
671,2026-06-29T02:20:18.851Z,105,9,26-0041-00-1667565-1-1,Documento Base de Contratacion,HKEwPdTu.docx,26-0041-00-1667565-1-1-documento_base_contratacion.docx,move,moved
672,2026-06-29T02:20:36.737Z,106,1,26-0376-00-1668195-1-1,Documento Base de Contratacion,DLuHPsNl.docx,26-0376-00-1668195-1-1-documento_base_contratacion.docx,move,moved
673,2026-06-29T02:20:44.744Z,106,2,26-0907-00-1668282-1-1,Documento Base de Contratacion,mesmsE4.docx,26-0907-00-1668282-1-1-documento_base_contratacion.docx,move,moved
674,2026-06-29T02:20:52.751Z,106,3,26-0514-00-1667815-1-1,Documento Base de Contratacion,XCKKPnOij.docx,26-0514-00-1667815-1-1-documento_base_contratacion.docx,move,moved
675,2026-06-29T02:21:08.110Z,106,4,26-1206-00-1668125-1-1,Documento Base de Contratacion,pKJmYkx.docx,26-1206-00-1668125-1-1-documento_base_contratacion.docx,move,moved
676,2026-06-29T02:21:16.125Z,106,5,26-1311-00-1666153-1-2,Documento Base de Contratacion,YmrIK6jBG.docx,26-1311-00-1666153-1-2-documento_base_contratacion.docx,move,moved
677,2026-06-29T02:21:24.132Z,106,6,26-0041-26-1668212-1-1,Documento Base de Contratacion,ELJKVK.docx,26-0041-26-1668212-1-1-documento_base_contratacion.docx,move,moved
678,2026-06-29T02:21:32.154Z,106,7,26-0376-00-1667433-1-1,Documento Base de Contratacion,G47scP6Bgp.docx,26-0376-00-1667433-1-1-documento_base_contratacion.docx,move,moved
679,2026-06-29T02:21:40.178Z,106,8,26-1101-00-1643800-1-2,Documento Base de Contratacion,K1iWt6GSE.docx,26-1101-00-1643800-1-2-documento_base_contratacion.docx,move,moved
680,2026-06-29T02:21:48.201Z,106,9,26-0417-07-1668198-1-1,Documento Base de Contratacion,3JB8xe.docx,26-0417-07-1668198-1-1-documento_base_contratacion.docx,move,moved
681,2026-06-29T02:21:56.225Z,106,10,26-0513-00-1668256-1-1,Documento Base de Contratacion,sfQxyEgfTn.docx,26-0513-00-1668256-1-1-documento_base_contratacion.docx,move,moved
682,2026-06-29T02:22:14.192Z,107,1,26-1201-00-1668156-1-1,Documento Base de Contratacion,J3DbXDy1E.docx,26-1201-00-1668156-1-1-documento_base_contratacion.docx,move,moved
683,2026-06-29T02:22:22.211Z,107,2,26-1101-00-1635331-2-1,Documento Base de Contratacion,Qm91AIq.docx,26-1101-00-1635331-2-1-documento_base_contratacion.docx,move,moved
684,2026-06-29T02:22:30.235Z,107,3,26-0417-08-1633024-2-1,Documento Base de Contratacion,RwU9hsruv.docx,26-0417-08-1633024-2-1-documento_base_contratacion.docx,move,moved
685,2026-06-29T02:22:38.258Z,107,4,26-1803-00-1668220-1-1,Documento Base de Contratacion,ZEqbGe.docx,26-1803-00-1668220-1-1-documento_base_contratacion.docx,move,moved
686,2026-06-29T02:22:46.269Z,107,5,26-0517-00-1667429-1-1,Documento Base de Contratacion,2EX9eHL.docx,26-0517-00-1667429-1-1-documento_base_contratacion.docx,move,moved
687,2026-06-29T02:22:54.290Z,107,6,26-0517-02-1667671-1-1,Documento Base de Contratacion,bQXAnBvq.docx,26-0517-02-1667671-1-1-documento_base_contratacion.docx,move,moved
688,2026-06-29T02:23:02.313Z,107,7,26-0520-00-1668255-1-1,Documento Base de Contratacion,r87HCx8Wf.docx,26-0520-00-1668255-1-1-documento_base_contratacion.docx,move,moved
689,2026-06-29T02:23:10.335Z,107,8,26-1301-00-1668258-1-1,Documento Base de Contratacion,SCaczdtgR.docx,26-1301-00-1668258-1-1-documento_base_contratacion.docx,move,moved
690,2026-06-29T02:23:18.357Z,107,9,26-3501-00-1666020-1-2,Documento Base de Contratacion,1s27UYy24.docx,26-3501-00-1666020-1-2-documento_base_contratacion.docx,move,moved
691,2026-06-29T02:23:36.349Z,108,1,26-1101-00-1633445-2-1,Documento Base de Contratacion,nzek11Zto.docx,26-1101-00-1633445-2-1-documento_base_contratacion.docx,move,moved
692,2026-06-29T02:23:44.356Z,108,2,26-1701-03-1637416-3-1,Documento Base de Contratacion,UdtjybJ.docx,26-1701-03-1637416-3-1-documento_base_contratacion.docx,move,moved
693,2026-06-29T02:23:52.366Z,108,3,26-1301-00-1664955-2-1,Documento Base de Contratacion,g8zJdrou.docx,26-1301-00-1664955-2-1-documento_base_contratacion.docx,move,moved
694,2026-06-29T02:24:00.374Z,108,4,26-0520-00-1668033-1-1,Documento Base de Contratacion,2RSvyV5ZyK.docx,26-0520-00-1668033-1-1-documento_base_contratacion.docx,move,moved
695,2026-06-29T02:24:08.394Z,108,5,26-0520-00-1668246-1-1,Documento Base de Contratacion,cM8EFG3Y.docx,26-0520-00-1668246-1-1-documento_base_contratacion.docx,move,moved
696,2026-06-29T02:24:16.414Z,108,6,26-1101-00-1632358-1-2,Documento Base de Contratacion,JzpfQqXbG.docx,26-1101-00-1632358-1-2-documento_base_contratacion.docx,move,moved
697,2026-06-29T02:24:24.435Z,108,7,26-0383-00-1668117-1-1,Documento Base de Contratacion,UuxfHjljk.docx,26-0383-00-1668117-1-1-documento_base_contratacion.docx,move,moved
698,2026-06-29T02:24:32.456Z,108,8,26-1201-00-1668124-1-1,Documento Base de Contratacion,lLAtvtzNZ.docx,26-1201-00-1668124-1-1-documento_base_contratacion.docx,move,moved
699,2026-06-29T02:24:40.468Z,108,9,26-0517-02-1668026-1-1,Documento Base de Contratacion,BMX7Ke.docx,26-0517-02-1668026-1-1-documento_base_contratacion.docx,move,moved
700,2026-06-29T02:24:48.481Z,108,10,26-0517-00-1667496-1-1,Documento Base de Contratacion,jQad2CtQE.docx,26-0517-00-1667496-1-1-documento_base_contratacion.docx,move,moved
701,2026-06-29T02:25:06.434Z,109,1,26-0902-42-1666103-1-1,Documento Base de Contratacion,loHHubkmC.doc,26-0902-42-1666103-1-1-documento_base_contratacion.doc,move,moved
702,2026-06-29T02:25:14.452Z,109,2,26-1201-00-1668075-1-1,Documento Base de Contratacion,xTc1kXRxFk.docx,26-1201-00-1668075-1-1-documento_base_contratacion.docx,move,moved
703,2026-06-29T02:25:22.462Z,109,3,26-0417-03-1661872-2-1,Documento Base de Contratacion,puH7rcAo1p.docx,26-0417-03-1661872-2-1-documento_base_contratacion.docx,move,moved
704,2026-06-29T02:25:30.483Z,109,4,26-0907-00-1668188-1-1,Documento Base de Contratacion,lY9Gsz.docx,26-0907-00-1668188-1-1-documento_base_contratacion.docx,move,moved
705,2026-06-29T02:25:38.493Z,109,5,26-0903-17-1668167-1-1,Documento Base de Contratacion,U3d83ni5wy.docx,26-0903-17-1668167-1-1-documento_base_contratacion.docx,move,moved
706,2026-06-29T02:25:46.503Z,109,6,26-0389-00-1666951-1-1,Documento Base de Contratacion,OIDm15a.docx,26-0389-00-1666951-1-1-documento_base_contratacion.docx,move,moved
707,2026-06-29T02:25:54.511Z,109,7,26-0903-19-1668147-1-1,Documento Base de Contratacion,SctoOvM.doc,26-0903-19-1668147-1-1-documento_base_contratacion.doc,move,moved
708,2026-06-29T02:26:02.527Z,109,8,26-0041-24-1668123-1-1,Documento Base de Contratacion,1gHXrm.docx,26-0041-24-1668123-1-1-documento_base_contratacion.docx,move,moved
709,2026-06-29T02:26:10.537Z,109,9,26-0389-00-1668126-1-1,Documento Base de Contratacion,GwzfIPOpL.docx,26-0389-00-1668126-1-1-documento_base_contratacion.docx,move,moved
710,2026-06-29T02:26:18.543Z,109,10,26-0902-43-1667329-1-1,Documento Base de Contratacion,ySqItvJ.docx,26-0902-43-1667329-1-1-documento_base_contratacion.docx,move,moved
711,2026-06-29T02:26:36.457Z,110,1,26-0903-17-1668160-1-1,Documento Base de Contratacion,4FNBmE.docx,26-0903-17-1668160-1-1-documento_base_contratacion.docx,move,moved
712,2026-06-29T02:26:44.481Z,110,2,26-0902-43-1667331-1-1,Documento Base de Contratacion,9LJv7t71.docx,26-0902-43-1667331-1-1-documento_base_contratacion.docx,move,moved
713,2026-06-29T02:26:52.491Z,110,3,26-0903-17-1668150-1-1,Documento Base de Contratacion,4UUciL.docx,26-0903-17-1668150-1-1-documento_base_contratacion.docx,move,moved
714,2026-06-29T02:27:00.506Z,110,4,26-0417-03-1658233-1-2,Documento Base de Contratacion,vt89Ylz6M3.doc,26-0417-03-1658233-1-2-documento_base_contratacion.doc,move,moved
715,2026-06-29T02:27:08.528Z,110,5,26-0287-07-1667307-1-1,Documento Base de Contratacion,Ho4izlk.docx,26-0287-07-1667307-1-1-documento_base_contratacion.docx,move,moved
716,2026-06-29T02:27:16.552Z,110,6,26-0903-19-1668115-1-1,Documento Base de Contratacion,7cvF2Ja.docx,26-0903-19-1668115-1-1-documento_base_contratacion.docx,move,moved
717,2026-06-29T02:27:24.558Z,110,7,26-1301-00-1642876-3-1,Documento Base de Contratacion,6mUkVsG.docx,26-1301-00-1642876-3-1-documento_base_contratacion.docx,move,moved
718,2026-06-29T02:27:32.580Z,110,8,26-0417-03-1639257-4-1,Documento Base de Contratacion,FtmLMj.docx,26-0417-03-1639257-4-1-documento_base_contratacion.docx,move,moved
719,2026-06-29T02:27:40.604Z,110,9,26-0902-06-1668062-1-1,Documento Base de Contratacion,QHSRDJ.doc,26-0902-06-1668062-1-1-documento_base_contratacion.doc,move,moved
720,2026-06-29T02:27:48.625Z,110,10,26-0517-11-1667873-1-1,Documento Base de Contratacion,5ElN8D.docx,26-0517-11-1667873-1-1-documento_base_contratacion.docx,move,moved
721,2026-06-29T02:28:06.542Z,111,1,26-0417-04-1668049-1-1,Documento Base de Contratacion,INF3Meg.docx,26-0417-04-1668049-1-1-documento_base_contratacion.docx,move,moved
722,2026-06-29T02:28:14.552Z,111,2,26-1521-00-1667285-1-1,Documento Base de Contratacion,QS5xtEd2pT.docx,26-1521-00-1667285-1-1-documento_base_contratacion.docx,move,moved
723,2026-06-29T02:28:22.561Z,111,3,26-1206-00-1667757-1-1,Documento Base de Contratacion,qRZfyjcr.docx,26-1206-00-1667757-1-1-documento_base_contratacion.docx,move,moved
724,2026-06-29T02:28:30.583Z,111,4,26-0020-21-1667087-1-1,Documento Base de Contratacion,2hzrGt2a.docx,26-0020-21-1667087-1-1-documento_base_contratacion.docx,move,moved
725,2026-06-29T02:28:38.590Z,111,5,26-1601-00-1624517-2-1,Documento Base de Contratacion,3X8225MYgS.docx,26-1601-00-1624517-2-1-documento_base_contratacion.docx,move,moved
726,2026-06-29T02:28:46.611Z,111,6,26-0418-03-1667124-1-1,Documento Base de Contratacion,Y5YWjVq.docx,26-0418-03-1667124-1-1-documento_base_contratacion.docx,move,moved
727,2026-06-29T02:28:54.633Z,111,7,26-0904-04-1667243-1-1,Documento Base de Contratacion,BilJXo7.docx,26-0904-04-1667243-1-1-documento_base_contratacion.docx,move,moved
728,2026-06-29T02:29:02.641Z,111,8,26-1539-00-1620431-2-2,Documento Base de Contratacion,5D3jDI5mk.docx,26-1539-00-1620431-2-2-documento_base_contratacion.docx,move,moved
729,2026-06-29T02:29:10.663Z,111,9,26-0902-21-1668025-1-1,Documento Base de Contratacion,XqpZQQK5zF.docx,26-0902-21-1668025-1-1-documento_base_contratacion.docx,move,moved
730,2026-06-29T02:29:18.685Z,111,10,26-0389-00-1668010-1-1,Documento Base de Contratacion,54NHuin84.docx,26-0389-00-1668010-1-1-documento_base_contratacion.docx,move,moved
731,2026-06-29T02:29:36.589Z,112,1,26-0041-20-1657320-2-1,Documento Base de Contratacion,4wcWLbw9CH.docx,26-0041-20-1657320-2-1-documento_base_contratacion.docx,move,moved
732,2026-06-29T02:29:44.603Z,112,2,26-1302-00-1668020-1-1,Documento Base de Contratacion,hJionPIbxa.docx,26-1302-00-1668020-1-1-documento_base_contratacion.docx,move,moved
733,2026-06-29T02:29:52.625Z,112,3,26-0902-42-1667500-1-1,Documento Base de Contratacion,betUUK.docx,26-0902-42-1667500-1-1-documento_base_contratacion.docx,move,moved
734,2026-06-29T02:30:00.650Z,112,4,26-0517-02-1668022-1-1,Documento Base de Contratacion,DSvj1W.docx,26-0517-02-1668022-1-1-documento_base_contratacion.docx,move,moved
735,2026-06-29T02:30:08.658Z,112,5,26-0422-00-1656833-1-2,Documento Base de Contratacion,qN9AeAw.docx,26-0422-00-1656833-1-2-documento_base_contratacion.docx,move,moved
736,2026-06-29T02:30:16.682Z,112,6,26-1702-00-1667870-1-1,Documento Base de Contratacion,PEGApLiB.docx,26-1702-00-1667870-1-1-documento_base_contratacion.docx,move,moved
737,2026-06-29T02:30:24.705Z,112,7,26-0517-02-1668018-1-1,Documento Base de Contratacion,7gR396.docx,26-0517-02-1668018-1-1-documento_base_contratacion.docx,move,moved
738,2026-06-29T02:30:32.712Z,112,8,26-0020-00-1668007-1-1,Documento Base de Contratacion,kNsLtfY9db.docx,26-0020-00-1668007-1-1-documento_base_contratacion.docx,move,moved
739,2026-06-29T02:30:40.719Z,112,9,26-0291-06-1660225-2-2,Documento Base de Contratacion,PGI83K.docx,26-0291-06-1660225-2-2-documento_base_contratacion.docx,move,moved
740,2026-06-29T02:30:48.728Z,112,10,26-0035-01-1657205-2-1,Documento Base de Contratacion,BdVeFyEUa.docx,26-0035-01-1657205-2-1-documento_base_contratacion.docx,move,moved
741,2026-06-29T02:31:11.806Z,113,1,26-0422-00-1667987-1-1,Documento Base de Contratacion,sjNnj7Zk.docx,26-0422-00-1667987-1-1-documento_base_contratacion.docx,move,moved
742,2026-06-29T02:31:19.823Z,113,2,26-1302-00-1668004-1-1,Documento Base de Contratacion,Gzocv2J.docx,26-1302-00-1668004-1-1-documento_base_contratacion.docx,move,moved
743,2026-06-29T02:31:27.831Z,113,3,26-0291-01-1667783-1-1,Documento Base de Contratacion,uicixB7Cgw.docx,26-0291-01-1667783-1-1-documento_base_contratacion.docx,move,moved
744,2026-06-29T02:31:35.855Z,113,4,26-0142-00-1605724-2-1,Documento Base de Contratacion,RM4TZd.docx,26-0142-00-1605724-2-1-documento_base_contratacion.docx,move,moved
745,2026-06-29T02:31:43.877Z,113,5,26-0907-00-1667986-1-1,Documento Base de Contratacion,1FNT2bd6.docx,26-0907-00-1667986-1-1-documento_base_contratacion.docx,move,moved
746,2026-06-29T02:31:51.890Z,113,6,26-1206-00-1667976-1-1,Documento Base de Contratacion,8medOCdi7D.docx,26-1206-00-1667976-1-1-documento_base_contratacion.docx,move,moved
747,2026-06-29T02:31:59.920Z,113,7,26-0253-00-1667934-1-1,Documento Base de Contratacion,Gj6tVWiSZm.docx,26-0253-00-1667934-1-1-documento_base_contratacion.docx,move,moved
748,2026-06-29T02:32:07.945Z,113,8,26-1302-00-1667970-1-1,Documento Base de Contratacion,sVPTXvaTlf.docx,26-1302-00-1667970-1-1-documento_base_contratacion.docx,move,moved
749,2026-06-29T02:32:15.953Z,113,9,26-1304-00-1667964-1-1,Documento Base de Contratacion,U3LQFT.docx,26-1304-00-1667964-1-1-documento_base_contratacion.docx,move,moved
750,2026-06-29T02:32:23.975Z,113,10,26-1305-00-1667834-1-1,Documento Base de Contratacion,8JPajn1I.docx,26-1305-00-1667834-1-1-documento_base_contratacion.docx,move,moved
751,2026-06-29T02:32:41.902Z,114,1,26-0291-06-1660202-1-2,Documento Base de Contratacion,gvWhaJ3h.docx,26-0291-06-1660202-1-2-documento_base_contratacion.docx,move,moved
752,2026-06-29T02:32:49.924Z,114,2,26-1102-00-1667445-1-2,Documento Base de Contratacion,2ModNEDJYv.docx,26-1102-00-1667445-1-2-documento_base_contratacion.docx,move,moved
753,2026-06-29T02:32:57.947Z,114,3,26-0905-09-1667973-1-1,Documento Base de Contratacion,2RpTd8bk.docx,26-0905-09-1667973-1-1-documento_base_contratacion.docx,move,moved
754,2026-06-29T02:33:05.953Z,114,4,26-0907-00-1667957-1-1,Documento Base de Contratacion,v8oOjp3Yar.docx,26-0907-00-1667957-1-1-documento_base_contratacion.docx,move,moved
755,2026-06-29T02:33:13.975Z,114,5,26-1305-00-1667826-1-1,Documento Base de Contratacion,p13NhKMF.docx,26-1305-00-1667826-1-1-documento_base_contratacion.docx,move,moved
756,2026-06-29T02:33:21.998Z,114,6,26-1206-00-1667945-1-1,Documento Base de Contratacion,h9vryhugR.docx,26-1206-00-1667945-1-1-documento_base_contratacion.docx,move,moved
757,2026-06-29T02:33:30.022Z,114,7,26-1305-00-1667596-1-1,Documento Base de Contratacion,xocUY4.docx,26-1305-00-1667596-1-1-documento_base_contratacion.docx,move,moved
758,2026-06-29T02:33:38.038Z,114,8,26-0054-03-1667823-1-1,Documento Base de Contratacion,58Uzu8R.docx,26-0054-03-1667823-1-1-documento_base_contratacion.docx,move,moved
759,2026-06-29T02:33:46.060Z,114,9,26-0035-01-1663479-1-2,Documento Base de Contratacion,ZS4Thl.docx,26-0035-01-1663479-1-2-documento_base_contratacion.docx,move,moved
760,2026-06-29T02:33:54.080Z,114,10,26-0417-09-1652735-2-1,Documento Base de Contratacion,MiGNr382b.docx,26-0417-09-1652735-2-1-documento_base_contratacion.docx,move,moved
761,2026-06-29T02:34:11.976Z,115,1,26-0513-00-1667851-1-1,Documento Base de Contratacion,9a76zUi.docx,26-0513-00-1667851-1-1-documento_base_contratacion.docx,move,moved
762,2026-06-29T02:34:19.997Z,115,2,26-0904-04-1667236-1-1,Documento Base de Contratacion,iPyYBWcle.docx,26-0904-04-1667236-1-1-documento_base_contratacion.docx,move,moved
763,2026-06-29T02:34:28.017Z,115,3,26-1740-00-1667007-1-1,Documento Base de Contratacion,s3NveKYmzA.docx,26-1740-00-1667007-1-1-documento_base_contratacion.docx,move,moved
764,2026-06-29T02:34:36.024Z,115,4,26-1345-00-1667621-1-1,Documento Base de Contratacion,IzCZF8.docx,26-1345-00-1667621-1-1-documento_base_contratacion.docx,move,moved
765,2026-06-29T02:34:44.047Z,115,5,26-0907-00-1667938-1-1,Documento Base de Contratacion,Pz3vHh2.docx,26-0907-00-1667938-1-1-documento_base_contratacion.docx,move,moved
766,2026-06-29T02:34:52.067Z,115,6,26-1603-00-1667640-1-1,Documento Base de Contratacion,FxuJNP7.docx,26-1603-00-1667640-1-1-documento_base_contratacion.docx,move,moved
767,2026-06-29T02:35:00.091Z,115,7,26-0907-00-1667919-1-1,Documento Base de Contratacion,X81Hie.docx,26-0907-00-1667919-1-1-documento_base_contratacion.docx,move,moved
768,2026-06-29T02:35:08.116Z,115,8,26-0417-05-1660715-2-1,Documento Base de Contratacion,RLCjNH.docx,26-0417-05-1660715-2-1-documento_base_contratacion.docx,move,moved
769,2026-06-29T02:35:16.125Z,115,9,26-0417-04-1667908-1-1,Documento Base de Contratacion,vsIqq2kJea.docx,26-0417-04-1667908-1-1-documento_base_contratacion.docx,move,moved
770,2026-06-29T02:35:24.139Z,115,10,26-0903-19-1667825-1-1,Documento Base de Contratacion,fr6dpwm5Y.docx,26-0903-19-1667825-1-1-documento_base_contratacion.docx,move,moved
771,2026-06-29T02:35:42.066Z,116,1,26-0513-00-1667770-1-1,Documento Base de Contratacion,kEEvYX.docx,26-0513-00-1667770-1-1-documento_base_contratacion.docx,move,moved
772,2026-06-29T02:35:50.081Z,116,2,26-1302-00-1667651-1-1,Documento Base de Contratacion,JDTJlMolQ6.docx,26-1302-00-1667651-1-1-documento_base_contratacion.docx,move,moved
773,2026-06-29T02:35:58.107Z,116,3,26-0670-00-1667411-1-1,Documento Base de Contratacion,i8ahJ5GZvM.docx,26-0670-00-1667411-1-1-documento_base_contratacion.docx,move,moved
774,2026-06-29T02:36:06.114Z,116,4,26-0781-00-1659778-2-1,Documento Base de Contratacion,NFVirGu8m.docx,26-0781-00-1659778-2-1-documento_base_contratacion.docx,move,moved
775,2026-06-29T02:36:14.124Z,116,5,26-0904-04-1667689-1-1,Documento Base de Contratacion,hFgAM9.docx,26-0904-04-1667689-1-1-documento_base_contratacion.docx,move,moved
776,2026-06-29T02:36:22.150Z,116,6,26-0046-20-1660717-2-1,Documento Base de Contratacion,1lqr2L2GW.docx,26-0046-20-1660717-2-1-documento_base_contratacion.docx,move,moved
777,2026-06-29T02:36:30.159Z,116,7,26-1302-00-1667761-1-1,Documento Base de Contratacion,rARjQFa.docx,26-1302-00-1667761-1-1-documento_base_contratacion.docx,move,moved
778,2026-06-29T02:36:38.183Z,116,8,26-1338-00-1632907-2-1,Documento Base de Contratacion,CKJpjdrC.docx,26-1338-00-1632907-2-1-documento_base_contratacion.docx,move,moved
779,2026-06-29T02:36:46.201Z,116,9,26-1302-00-1667683-1-1,Documento Base de Contratacion,bLzwD8cM9e.docx,26-1302-00-1667683-1-1-documento_base_contratacion.docx,move,moved
780,2026-06-29T02:36:54.225Z,116,10,26-0802-00-1667864-1-1,Documento Base de Contratacion,EQCTyW.docx,26-0802-00-1667864-1-1-documento_base_contratacion.docx,move,moved
781,2026-06-29T02:37:12.190Z,117,1,26-1201-00-1667794-1-1,Documento Base de Contratacion,BrRjom.docx,26-1201-00-1667794-1-1-documento_base_contratacion.docx,move,moved
782,2026-06-29T02:37:20.198Z,117,2,26-1201-00-1667832-1-1,Documento Base de Contratacion,aTaERHa.docx,26-1201-00-1667832-1-1-documento_base_contratacion.docx,move,moved
783,2026-06-29T02:37:28.207Z,117,3,26-0291-03-1667718-1-1,Documento Base de Contratacion,hWN2ITCGf.docx,26-0291-03-1667718-1-1-documento_base_contratacion.docx,move,moved
784,2026-06-29T02:37:36.216Z,117,4,26-1755-00-1667018-1-1,Documento Base de Contratacion,ki5ys6e.docx,26-1755-00-1667018-1-1-documento_base_contratacion.docx,move,moved
785,2026-06-29T02:37:44.222Z,117,5,26-2303-00-1667824-1-1,Documento Base de Contratacion,2JcSdm2FT.docx,26-2303-00-1667824-1-1-documento_base_contratacion.docx,move,moved
786,2026-06-29T02:37:52.229Z,117,6,26-0802-00-1667702-1-1,Documento Base de Contratacion,T9L41rqDr.docx,26-0802-00-1667702-1-1-documento_base_contratacion.docx,move,moved
787,2026-06-29T02:38:00.254Z,117,7,26-0578-00-1667731-1-1,Documento Base de Contratacion,NkGTKXYXk.docx,26-0578-00-1667731-1-1-documento_base_contratacion.docx,move,moved
788,2026-06-29T02:38:08.279Z,117,8,26-0902-21-1667808-1-1,Documento Base de Contratacion,Kmlx974.docx,26-0902-21-1667808-1-1-documento_base_contratacion.docx,move,moved
789,2026-06-29T02:38:16.286Z,117,9,26-0902-43-1667332-1-1,Documento Base de Contratacion,qvgudq.docx,26-0902-43-1667332-1-1-documento_base_contratacion.docx,move,moved
790,2026-06-29T02:38:24.293Z,117,10,26-0902-43-1667330-1-1,Documento Base de Contratacion,hgsa9p.docx,26-0902-43-1667330-1-1-documento_base_contratacion.docx,move,moved
791,2026-06-29T02:38:42.251Z,118,1,26-0418-03-1665934-1-1,Documento Base de Contratacion,YAsZDlEBNg.docx,26-0418-03-1665934-1-1-documento_base_contratacion.docx,move,moved
792,2026-06-29T02:38:50.276Z,118,2,26-0802-00-1667781-1-1,Documento Base de Contratacion,kwmTp64Y.docx,26-0802-00-1667781-1-1-documento_base_contratacion.docx,move,moved
793,2026-06-29T02:38:58.298Z,118,3,26-0902-43-1667436-1-1,Documento Base de Contratacion,q8PgkNFN.docx,26-0902-43-1667436-1-1-documento_base_contratacion.docx,move,moved
794,2026-06-29T02:39:06.310Z,118,4,26-0902-21-1667679-1-1,Documento Base de Contratacion,BJhTSHxAWc.docx,26-0902-21-1667679-1-1-documento_base_contratacion.docx,move,moved
795,2026-06-29T02:39:14.333Z,118,5,26-0517-03-1665791-1-1,Documento Base de Contratacion,v8xbxB5IS.doc,26-0517-03-1665791-1-1-documento_base_contratacion.doc,move,moved
796,2026-06-29T02:39:22.357Z,118,6,26-0041-00-1667184-1-1,Documento Base de Contratacion,AJml5UH.docx,26-0041-00-1667184-1-1-documento_base_contratacion.docx,move,moved
797,2026-06-29T02:39:30.379Z,118,7,26-0417-03-1667681-1-1,Documento Base de Contratacion,pWkfQ2T.docx,26-0417-03-1667681-1-1-documento_base_contratacion.docx,move,moved
798,2026-06-29T02:39:38.403Z,118,8,26-1102-00-1667557-1-1,Documento Base de Contratacion,QXPKQxYDyG.docx,26-1102-00-1667557-1-1-documento_base_contratacion.docx,move,moved
799,2026-06-29T02:39:46.425Z,118,9,26-1302-00-1667669-1-1,Documento Base de Contratacion,j3CafipL.docx,26-1302-00-1667669-1-1-documento_base_contratacion.docx,move,moved
800,2026-06-29T02:39:54.449Z,118,10,26-0902-21-1667666-1-1,Documento Base de Contratacion,vjcWxAY.docx,26-0902-21-1667666-1-1-documento_base_contratacion.docx,move,moved
801,2026-06-29T02:40:12.455Z,119,1,26-0417-06-1667635-1-1,Documento Base de Contratacion,W4iaeZHy.docx,26-0417-06-1667635-1-1-documento_base_contratacion.docx,move,moved
802,2026-06-29T02:40:20.476Z,119,2,26-0035-01-1667618-1-1,Documento Base de Contratacion,YIycGjN7r.docx,26-0035-01-1667618-1-1-documento_base_contratacion.docx,move,moved
803,2026-06-29T02:40:28.484Z,119,3,26-1302-00-1650278-1-2,Documento Base de Contratacion,g5yPqeNb1A.docx,26-1302-00-1650278-1-2-documento_base_contratacion.docx,move,moved
804,2026-06-29T02:40:36.500Z,119,4,26-1232-00-1653049-2-1,Documento Base de Contratacion,oorgE8TC8.docx,26-1232-00-1653049-2-1-documento_base_contratacion.docx,move,moved
805,2026-06-29T02:40:44.523Z,119,5,26-0905-09-1667646-1-1,Documento Base de Contratacion,TH1m7m6wYA.docx,26-0905-09-1667646-1-1-documento_base_contratacion.docx,move,moved
806,2026-06-29T02:40:52.548Z,119,6,26-1755-00-1667017-1-1,Documento Base de Contratacion,PkVKmDfMF.docx,26-1755-00-1667017-1-1-documento_base_contratacion.docx,move,moved
807,2026-06-29T02:41:00.559Z,119,7,26-1206-00-1667601-1-1,Documento Base de Contratacion,1d6an8mtrA.docx,26-1206-00-1667601-1-1-documento_base_contratacion.docx,move,moved
808,2026-06-29T02:41:08.569Z,119,8,26-0291-06-1659921-1-3,Documento Base de Contratacion,t1XKSvdrU.docx,26-0291-06-1659921-1-3-documento_base_contratacion.docx,move,moved
809,2026-06-29T02:41:16.581Z,119,9,26-1501-05-1665822-1-1,Documento Base de Contratacion,lHLymHX.docx,26-1501-05-1665822-1-1-documento_base_contratacion.docx,move,moved
810,2026-06-29T02:41:24.587Z,119,10,26-0513-00-1667626-1-1,Documento Base de Contratacion,SAK9Wamyvg.docx,26-0513-00-1667626-1-1-documento_base_contratacion.docx,move,moved
811,2026-06-29T02:41:42.497Z,120,1,26-0951-00-1666993-1-1,Documento Base de Contratacion,jfgcIvpY.docx,26-0951-00-1666993-1-1-documento_base_contratacion.docx,move,moved
812,2026-06-29T02:41:50.518Z,120,2,26-0411-00-1667060-1-1,Documento Base de Contratacion,QI14RY.docx,26-0411-00-1667060-1-1-documento_base_contratacion.docx,move,moved
813,2026-06-29T02:41:58.544Z,120,3,26-0020-02-1667597-1-1,Documento Base de Contratacion,rxN3UYErU.docx,26-0020-02-1667597-1-1-documento_base_contratacion.docx,move,moved
814,2026-06-29T02:42:06.566Z,120,4,26-0291-06-1659560-1-2,Documento Base de Contratacion,FJiNRmDqYt.docx,26-0291-06-1659560-1-2-documento_base_contratacion.docx,move,moved
815,2026-06-29T02:42:14.579Z,120,5,26-0291-03-1667586-1-1,Documento Base de Contratacion,FeRirF.docx,26-0291-03-1667586-1-1-documento_base_contratacion.docx,move,moved
816,2026-06-29T02:42:22.588Z,120,6,26-1808-00-1667553-1-1,Documento Base de Contratacion,17iqn9H1Gt.docx,26-1808-00-1667553-1-1-documento_base_contratacion.docx,move,moved
817,2026-06-29T02:42:30.612Z,120,7,26-0020-21-1667333-1-1,Documento Base de Contratacion,bdzaXh5.docx,26-0020-21-1667333-1-1-documento_base_contratacion.docx,move,moved
818,2026-06-29T02:42:38.634Z,120,8,26-1744-00-1667547-1-1,Documento Base de Contratacion,CYyfgqqRij.docx,26-1744-00-1667547-1-1-documento_base_contratacion.docx,move,moved
819,2026-06-29T02:42:46.660Z,120,9,26-0417-09-1654744-2-1,Documento Base de Contratacion,ocj5LWo.docx,26-0417-09-1654744-2-1-documento_base_contratacion.docx,move,moved
820,2026-06-29T02:42:54.676Z,120,10,26-0517-00-1660577-2-1,Documento Base de Contratacion,FwhqqO9T.docx,26-0517-00-1660577-2-1-documento_base_contratacion.docx,move,moved
821,2026-06-29T02:43:12.637Z,121,1,26-1283-00-1667539-1-1,Documento Base de Contratacion,ywVSpazWm.docx,26-1283-00-1667539-1-1-documento_base_contratacion.docx,move,moved
822,2026-06-29T02:43:20.644Z,121,2,26-0902-43-1667117-1-1,Documento Base de Contratacion,NaNRq5Qa6X.docx,26-0902-43-1667117-1-1-documento_base_contratacion.docx,move,moved
823,2026-06-29T02:43:28.664Z,121,3,26-1101-00-1642675-1-2,Documento Base de Contratacion,P5SYhveG.docx,26-1101-00-1642675-1-2-documento_base_contratacion.docx,move,moved
824,2026-06-29T02:43:36.687Z,121,4,26-1301-00-1667519-1-1,Documento Base de Contratacion,5mhtRJa.doc,26-1301-00-1667519-1-1-documento_base_contratacion.doc,move,moved
825,2026-06-29T02:43:44.711Z,121,5,26-0781-00-1667493-1-1,Documento Base de Contratacion,agFaqXv.docx,26-0781-00-1667493-1-1-documento_base_contratacion.docx,move,moved
826,2026-06-29T02:43:52.733Z,121,6,26-0903-19-1667462-1-1,Documento Base de Contratacion,dgffFyHR.docx,26-0903-19-1667462-1-1-documento_base_contratacion.docx,move,moved
827,2026-06-29T02:44:00.742Z,121,7,26-0903-19-1667448-1-1,Documento Base de Contratacion,zemt7mP.docx,26-0903-19-1667448-1-1-documento_base_contratacion.docx,move,moved
828,2026-06-29T02:44:08.756Z,121,8,26-0417-03-1667488-1-1,Documento Base de Contratacion,Nx2BRw.docx,26-0417-03-1667488-1-1-documento_base_contratacion.docx,move,moved
829,2026-06-29T02:44:16.763Z,121,9,26-0015-15-1655668-1-2,Documento Base de Contratacion,sJgaEQf.docx,26-0015-15-1655668-1-2-documento_base_contratacion.docx,move,moved
830,2026-06-29T02:44:24.786Z,121,10,26-1101-00-1630057-2-1,Documento Base de Contratacion,bh6FQVW.docx,26-1101-00-1630057-2-1-documento_base_contratacion.docx,move,moved
831,2026-06-29T02:44:42.685Z,122,1,26-1312-00-1667415-1-1,Documento Base de Contratacion,E3bvZFiKa.docx,26-1312-00-1667415-1-1-documento_base_contratacion.docx,move,moved
832,2026-06-29T02:44:50.701Z,122,2,26-0291-05-1667449-1-1,Documento Base de Contratacion,deiA2x9.docx,26-0291-05-1667449-1-1-documento_base_contratacion.docx,move,moved
833,2026-06-29T02:44:58.707Z,122,3,26-0081-00-1667039-1-1,Documento Base de Contratacion,rOUeK8.docx,26-0081-00-1667039-1-1-documento_base_contratacion.docx,move,moved
834,2026-06-29T02:45:06.732Z,122,4,26-0020-01-1667037-1-1,Documento Base de Contratacion,5b8r3bGZD.docx,26-0020-01-1667037-1-1-documento_base_contratacion.docx,move,moved
835,2026-06-29T02:45:14.757Z,122,5,26-0903-17-1667450-1-1,Documento Base de Contratacion,SyK4q7l.docx,26-0903-17-1667450-1-1-documento_base_contratacion.docx,move,moved
836,2026-06-29T02:45:22.781Z,122,6,26-1508-00-1667380-1-1,Documento Base de Contratacion,NPKpAqOBYW.docx,26-1508-00-1667380-1-1-documento_base_contratacion.docx,move,moved
837,2026-06-29T02:45:30.808Z,122,7,26-0417-09-1660209-2-1,Documento Base de Contratacion,AiJGk9nLX.docx,26-0417-09-1660209-2-1-documento_base_contratacion.docx,move,moved
838,2026-06-29T02:45:38.832Z,122,8,26-0287-07-1666956-1-1,Documento Base de Contratacion,qjjG1RSyOn.docx,26-0287-07-1666956-1-1-documento_base_contratacion.docx,move,moved
839,2026-06-29T02:45:46.844Z,122,9,26-0417-06-1665805-1-1,Documento Base de Contratacion,cgOoL7ZPN2.docx,26-0417-06-1665805-1-1-documento_base_contratacion.docx,move,moved
840,2026-06-29T02:45:54.856Z,122,10,26-0906-03-1659230-1-2,Documento Base de Contratacion,DD3mDzlZ.docx,26-0906-03-1659230-1-2-documento_base_contratacion.docx,move,moved
841,2026-06-29T02:46:12.772Z,123,1,26-0902-43-1667083-1-1,Documento Base de Contratacion,hE6rQKMR.docx,26-0902-43-1667083-1-1-documento_base_contratacion.docx,move,moved
842,2026-06-29T02:46:20.783Z,123,2,26-0903-18-1667113-1-1,Documento Base de Contratacion,9MmkIaJX.docx,26-0903-18-1667113-1-1-documento_base_contratacion.docx,move,moved
843,2026-06-29T02:46:28.806Z,123,3,26-1401-00-1667339-1-1,Documento Base de Contratacion,Rh4OTPk7.docx,26-1401-00-1667339-1-1-documento_base_contratacion.docx,move,moved
844,2026-06-29T02:46:36.819Z,123,4,26-3701-00-1663172-1-2,Documento Base de Contratacion,6RFBfra.rar,26-3701-00-1663172-1-2-documento_base_contratacion.rar,move,moved
845,2026-06-29T02:46:44.844Z,123,5,26-1510-00-1650685-1-2,Documento Base de Contratacion,dZKhutw.docx,26-1510-00-1650685-1-2-documento_base_contratacion.docx,move,moved
846,2026-06-29T02:46:52.851Z,123,6,26-0291-06-1659920-1-2,Documento Base de Contratacion,drepDmiu.docx,26-0291-06-1659920-1-2-documento_base_contratacion.docx,move,moved
847,2026-06-29T02:47:00.875Z,123,7,26-0389-00-1662484-2-1,Documento Base de Contratacion,BlpNbB1pbr.docx,26-0389-00-1662484-2-1-documento_base_contratacion.docx,move,moved
848,2026-06-29T02:47:08.895Z,123,8,26-1113-00-1667317-1-1,Documento Base de Contratacion,4kZIurcoE.docx,26-1113-00-1667317-1-1-documento_base_contratacion.docx,move,moved
849,2026-06-29T02:47:16.901Z,123,9,26-1413-00-1654877-1-2,Documento Base de Contratacion,7O7vgzUHSt.docx,26-1413-00-1654877-1-2-documento_base_contratacion.docx,move,moved
850,2026-06-29T02:47:24.924Z,123,10,26-0035-01-1659295-1-2,Documento Base de Contratacion,I5R3ed.docx,26-0035-01-1659295-1-2-documento_base_contratacion.docx,move,moved
851,2026-06-29T02:47:42.849Z,124,1,26-0287-06-1508179-4-1,Documento Base de Contratacion,Ha8SYq4K76.doc,26-0287-06-1508179-4-1-documento_base_contratacion.doc,move,moved
852,2026-06-29T02:47:50.869Z,124,2,26-0291-06-1659919-1-2,Documento Base de Contratacion,Y6JK1VtJie.docx,26-0291-06-1659919-1-2-documento_base_contratacion.docx,move,moved
853,2026-06-29T02:47:58.890Z,124,3,26-0517-02-1667313-1-1,Documento Base de Contratacion,DpsL8K.docx,26-0517-02-1667313-1-1-documento_base_contratacion.docx,move,moved
854,2026-06-29T02:48:06.913Z,124,4,26-0903-15-1665883-1-1,Documento Base de Contratacion,b1RnRwc.docx,26-0903-15-1665883-1-1-documento_base_contratacion.docx,move,moved
855,2026-06-29T02:48:14.938Z,124,5,26-1301-00-1667139-1-1,Documento Base de Contratacion,6CwUm1fX.doc,26-1301-00-1667139-1-1-documento_base_contratacion.doc,move,moved
856,2026-06-29T02:48:22.960Z,124,6,26-0517-02-1667308-1-1,Documento Base de Contratacion,t1vI2K1i.docx,26-0517-02-1667308-1-1-documento_base_contratacion.docx,move,moved
857,2026-06-29T02:48:30.983Z,124,7,26-0206-05-1667103-1-1,Documento Base de Contratacion,G49LEVDg.docx,26-0206-05-1667103-1-1-documento_base_contratacion.docx,move,moved
858,2026-06-29T02:48:38.992Z,124,8,26-0287-00-1663012-1-2,Documento Base de Contratacion,QmO76SaPd.docx,26-0287-00-1663012-1-2-documento_base_contratacion.docx,move,moved
859,2026-06-29T02:48:47.001Z,124,9,26-4601-02-1667244-1-1,Documento Base de Contratacion,CUOaRjf8.docx,26-4601-02-1667244-1-1-documento_base_contratacion.docx,move,moved
860,2026-06-29T02:48:55.024Z,124,10,26-0517-02-1667297-1-1,Documento Base de Contratacion,Xdpa4vxxq.doc,26-0517-02-1667297-1-1-documento_base_contratacion.doc,move,moved
861,2026-06-29T02:49:12.936Z,125,1,26-1312-00-1667281-1-1,Documento Base de Contratacion,DIwmKjYi.docx,26-1312-00-1667281-1-1-documento_base_contratacion.docx,move,moved
862,2026-06-29T02:49:20.948Z,125,2,26-1345-00-1667284-1-1,Documento Base de Contratacion,GLxi1nVt2.docx,26-1345-00-1667284-1-1-documento_base_contratacion.docx,move,moved
863,2026-06-29T02:49:28.972Z,125,3,26-0389-00-1667216-1-1,Documento Base de Contratacion,P3IXLgtAtE.docx,26-0389-00-1667216-1-1-documento_base_contratacion.docx,move,moved
864,2026-06-29T02:49:36.995Z,125,4,26-0517-02-1667279-1-1,Documento Base de Contratacion,XYqlGLAu.docx,26-0517-02-1667279-1-1-documento_base_contratacion.docx,move,moved
865,2026-06-29T02:49:45.005Z,125,5,26-0660-07-1667239-1-1,Documento Base de Contratacion,n8so3Y.docx,26-0660-07-1667239-1-1-documento_base_contratacion.docx,move,moved
866,2026-06-29T02:49:53.029Z,125,6,26-0417-04-1667240-1-1,Documento Base de Contratacion,lfQUtT.docx,26-0417-04-1667240-1-1-documento_base_contratacion.docx,move,moved
867,2026-06-29T02:50:01.039Z,125,7,26-0041-00-1667245-1-1,Documento Base de Contratacion,py7Zzk64Je.docx,26-0041-00-1667245-1-1-documento_base_contratacion.docx,move,moved
868,2026-06-29T02:50:09.064Z,125,8,26-1345-00-1658035-2-1,Documento Base de Contratacion,LTyEQRmbND.docx,26-1345-00-1658035-2-1-documento_base_contratacion.docx,move,moved
869,2026-06-29T02:50:17.092Z,125,9,26-1312-00-1667145-1-1,Documento Base de Contratacion,4EVwf9Q1Y.docx,26-1312-00-1667145-1-1-documento_base_contratacion.docx,move,moved
870,2026-06-29T02:50:25.111Z,125,10,26-0417-04-1667269-1-1,Documento Base de Contratacion,ksGpCpqa.docx,26-0417-04-1667269-1-1-documento_base_contratacion.docx,move,moved
871,2026-06-29T02:50:43.035Z,126,1,26-0041-00-1667213-1-1,Documento Base de Contratacion,M7mrxBrInL.docx,26-0041-00-1667213-1-1-documento_base_contratacion.docx,move,moved
872,2026-06-29T02:50:51.047Z,126,2,26-1603-00-1667226-1-1,Documento Base de Contratacion,lxbmCtR9.docx,26-1603-00-1667226-1-1-documento_base_contratacion.docx,move,moved
873,2026-06-29T02:50:59.071Z,126,3,26-1312-00-1666946-1-1,Documento Base de Contratacion,OuuiL4.docx,26-1312-00-1666946-1-1-documento_base_contratacion.docx,move,moved
874,2026-06-29T02:51:07.094Z,126,4,26-0902-43-1666899-1-1,Documento Base de Contratacion,28RdF1wTtr.docx,26-0902-43-1666899-1-1-documento_base_contratacion.docx,move,moved
875,2026-06-29T02:51:15.106Z,126,5,26-0046-34-1666721-1-1,Documento Base de Contratacion,vVnowIKlU.docx,26-0046-34-1666721-1-1-documento_base_contratacion.docx,move,moved
876,2026-06-29T02:51:23.131Z,126,6,26-0902-41-1666389-1-1,Documento Base de Contratacion,5Bgz2bI.docx,26-0902-41-1666389-1-1-documento_base_contratacion.docx,move,moved
877,2026-06-29T02:51:31.141Z,126,7,26-2302-00-1667182-1-1,Documento Base de Contratacion,RHh1w7.docx,26-2302-00-1667182-1-1-documento_base_contratacion.docx,move,moved
878,2026-06-29T02:51:39.167Z,126,8,26-0901-00-1667066-1-1,Documento Base de Contratacion,Lfg3r2NtK.docx,26-0901-00-1667066-1-1-documento_base_contratacion.docx,move,moved
879,2026-06-29T02:51:47.180Z,126,9,26-0046-34-1666641-1-1,Documento Base de Contratacion,BaQgxN.docx,26-0046-34-1666641-1-1-documento_base_contratacion.docx,move,moved
880,2026-06-29T02:51:55.187Z,126,10,26-0046-34-1666785-1-1,Documento Base de Contratacion,qbYSu6Ty.docx,26-0046-34-1666785-1-1-documento_base_contratacion.docx,move,moved
881,2026-06-29T02:52:13.100Z,127,1,26-0046-34-1666821-1-1,Documento Base de Contratacion,JG1su61KY.docx,26-0046-34-1666821-1-1-documento_base_contratacion.docx,move,moved
882,2026-06-29T02:52:21.116Z,127,2,26-0417-09-1654023-2-1,Documento Base de Contratacion,1co56DqPO.docx,26-0417-09-1654023-2-1-documento_base_contratacion.docx,move,moved
883,2026-06-29T02:52:29.140Z,127,3,26-0902-41-1666729-1-1,Documento Base de Contratacion,ncm6c7OVU.docx,26-0902-41-1666729-1-1-documento_base_contratacion.docx,move,moved
884,2026-06-29T02:52:37.149Z,127,4,26-0046-34-1666720-1-1,Documento Base de Contratacion,fsquNCrb.docx,26-0046-34-1666720-1-1-documento_base_contratacion.docx,move,moved
885,2026-06-29T02:52:45.173Z,127,5,26-1734-00-1665673-1-1,Documento Base de Contratacion,9tKXShzr.docx,26-1734-00-1665673-1-1-documento_base_contratacion.docx,move,moved
886,2026-06-29T02:52:53.197Z,127,6,26-0633-00-1666784-1-1,Documento Base de Contratacion,2peNSO.docx,26-0633-00-1666784-1-1-documento_base_contratacion.docx,move,moved
887,2026-06-29T02:53:01.223Z,127,7,26-0802-00-1667192-1-1,Documento Base de Contratacion,ui8WIj.docx,26-0802-00-1667192-1-1-documento_base_contratacion.docx,move,moved
888,2026-06-29T02:53:09.231Z,127,8,26-0781-00-1647238-2-2,Documento Base de Contratacion,Dh5WSsB.docx,26-0781-00-1647238-2-2-documento_base_contratacion.docx,move,moved
889,2026-06-29T02:53:17.256Z,127,9,26-0901-00-1667029-1-1,Documento Base de Contratacion,jj4y2Fcn.docx,26-0901-00-1667029-1-1-documento_base_contratacion.docx,move,moved
890,2026-06-29T02:53:25.278Z,127,10,26-0417-04-1667147-1-1,Documento Base de Contratacion,gd1ZcAh.doc,26-0417-04-1667147-1-1-documento_base_contratacion.doc,move,moved
891,2026-06-29T02:53:43.271Z,128,1,26-0903-15-1665888-1-1,Documento Base de Contratacion,DtLUPTRAv6.docx,26-0903-15-1665888-1-1-documento_base_contratacion.docx,move,moved
892,2026-06-29T02:53:51.293Z,128,2,26-0903-18-1667054-1-1,Documento Base de Contratacion,foSootCP.docx,26-0903-18-1667054-1-1-documento_base_contratacion.docx,move,moved
893,2026-06-29T02:53:59.322Z,128,3,26-0902-43-1666749-1-1,Documento Base de Contratacion,WHX7og.docx,26-0902-43-1666749-1-1-documento_base_contratacion.docx,move,moved
894,2026-06-29T02:54:07.330Z,128,4,26-1301-00-1667121-1-1,Documento Base de Contratacion,vwSMnye.docx,26-1301-00-1667121-1-1-documento_base_contratacion.docx,move,moved
895,2026-06-29T02:54:15.337Z,128,5,26-0902-42-1666723-1-1,Documento Base de Contratacion,yDP5k7.docx,26-0902-42-1666723-1-1-documento_base_contratacion.docx,move,moved
896,2026-06-29T02:54:23.361Z,128,6,26-0291-07-1667123-1-1,Documento Base de Contratacion,1yOSBDh.docx,26-0291-07-1667123-1-1-documento_base_contratacion.docx,move,moved
897,2026-06-29T02:54:31.384Z,128,7,26-0417-04-1667107-1-1,Documento Base de Contratacion,i5fwKA69m.docx,26-0417-04-1667107-1-1-documento_base_contratacion.docx,move,moved
898,2026-06-29T02:54:39.408Z,128,8,26-0291-06-1660596-2-1,Documento Base de Contratacion,ngVNBc2o.docx,26-0291-06-1660596-2-1-documento_base_contratacion.docx,move,moved
899,2026-06-29T02:54:47.416Z,128,9,26-0908-35-1667030-1-1,Documento Base de Contratacion,DDh4MF.docx,26-0908-35-1667030-1-1-documento_base_contratacion.docx,move,moved
900,2026-06-29T02:54:55.438Z,128,10,26-0291-05-1663113-1-2,Documento Base de Contratacion,ljwYZ5L.docx,26-0291-05-1663113-1-2-documento_base_contratacion.docx,move,moved
901,2026-06-29T02:55:13.339Z,129,1,26-0903-17-1667034-1-1,Documento Base de Contratacion,fdYehKiN.docx,26-0903-17-1667034-1-1-documento_base_contratacion.docx,move,moved
902,2026-06-29T02:55:21.360Z,129,2,26-0901-02-1667028-1-1,Documento Base de Contratacion,qIr4eZ.docx,26-0901-02-1667028-1-1-documento_base_contratacion.docx,move,moved
903,2026-06-29T02:55:29.385Z,129,3,26-0903-18-1666838-1-1,Documento Base de Contratacion,DZ1X9PDN.docx,26-0903-18-1666838-1-1-documento_base_contratacion.docx,move,moved
904,2026-06-29T02:55:37.412Z,129,4,26-0903-17-1666860-1-1,Documento Base de Contratacion,trO74g5F.docx,26-0903-17-1666860-1-1-documento_base_contratacion.docx,move,moved
905,2026-06-29T02:55:45.424Z,129,5,26-0382-00-1665641-1-1,Documento Base de Contratacion,EfHVWdjB.docx,26-0382-00-1665641-1-1-documento_base_contratacion.docx,move,moved
906,2026-06-29T02:55:53.440Z,129,6,26-0903-17-1667016-1-1,Documento Base de Contratacion,xg8Vxoz.docx,26-0903-17-1667016-1-1-documento_base_contratacion.docx,move,moved
907,2026-06-29T02:56:01.453Z,129,7,26-0291-06-1660572-2-1,Documento Base de Contratacion,aKTr4v.docx,26-0291-06-1660572-2-1-documento_base_contratacion.docx,move,moved
908,2026-06-29T02:56:09.478Z,129,8,26-0041-20-1667008-1-1,Documento Base de Contratacion,r8pMp3l.doc,26-0041-20-1667008-1-1-documento_base_contratacion.doc,move,moved
909,2026-06-29T02:56:17.504Z,129,9,26-0041-20-1667006-1-1,Documento Base de Contratacion,2yjIJ7.docx,26-0041-20-1667006-1-1-documento_base_contratacion.docx,move,moved
910,2026-06-29T02:56:25.528Z,129,10,26-0041-20-1667004-1-1,Documento Base de Contratacion,5edBfbP2Ir.docx,26-0041-20-1667004-1-1-documento_base_contratacion.docx,move,moved
911,2026-06-29T02:56:43.412Z,130,1,26-0041-20-1666997-1-1,Documento Base de Contratacion,CDqAoEB.docx,26-0041-20-1666997-1-1-documento_base_contratacion.docx,move,moved
912,2026-06-29T02:56:51.427Z,130,2,26-0041-20-1666995-1-1,Documento Base de Contratacion,BkiZOq.docx,26-0041-20-1666995-1-1-documento_base_contratacion.docx,move,moved
913,2026-06-29T02:56:59.440Z,130,3,26-0951-00-1666964-1-1,Documento Base de Contratacion,G7GXdr.docx,26-0951-00-1666964-1-1-documento_base_contratacion.docx,move,moved
914,2026-06-29T02:57:07.464Z,130,4,26-0041-20-1666991-1-1,Documento Base de Contratacion,4DESyySz72.docx,26-0041-20-1666991-1-1-documento_base_contratacion.docx,move,moved
915,2026-06-29T02:57:15.490Z,130,5,26-0517-02-1666977-1-1,Documento Base de Contratacion,BdNlOrCf.docx,26-0517-02-1666977-1-1-documento_base_contratacion.docx,move,moved
916,2026-06-29T02:57:23.515Z,130,6,26-0041-20-1666989-1-1,Documento Base de Contratacion,VxOk27k.rar,26-0041-20-1666989-1-1-documento_base_contratacion.rar,move,moved
917,2026-06-29T02:57:31.537Z,130,7,26-0041-20-1666986-1-1,Documento Base de Contratacion,EEuow8GLtU.docx,26-0041-20-1666986-1-1-documento_base_contratacion.docx,move,moved
918,2026-06-29T02:57:39.547Z,130,8,26-0041-20-1666985-1-1,Documento Base de Contratacion,QXoD4E2.docx,26-0041-20-1666985-1-1-documento_base_contratacion.docx,move,moved
919,2026-06-29T02:57:47.571Z,130,9,26-0041-20-1666982-1-1,Documento Base de Contratacion,mS3sHesFE.docx,26-0041-20-1666982-1-1-documento_base_contratacion.docx,move,moved
920,2026-06-29T02:57:55.595Z,130,10,26-0041-20-1666976-1-1,Documento Base de Contratacion,aDZYwUSFJc.docx,26-0041-20-1666976-1-1-documento_base_contratacion.docx,move,moved
921,2026-06-29T02:58:13.509Z,131,1,26-0041-20-1666974-1-1,Documento Base de Contratacion,PFV7M6bYav.docx,26-0041-20-1666974-1-1-documento_base_contratacion.docx,move,moved
922,2026-06-29T02:58:21.518Z,131,2,26-0041-20-1666973-1-1,Documento Base de Contratacion,fznoNmHaA.docx,26-0041-20-1666973-1-1-documento_base_contratacion.docx,move,moved
923,2026-06-29T02:58:29.545Z,131,3,26-0525-00-1666668-1-1,Documento Base de Contratacion,q8AdMxe.docx,26-0525-00-1666668-1-1-documento_base_contratacion.docx,move,moved
924,2026-06-29T02:58:37.570Z,131,4,26-0041-20-1666970-1-1,Documento Base de Contratacion,wlx2KHanbl.docx,26-0041-20-1666970-1-1-documento_base_contratacion.docx,move,moved
925,2026-06-29T02:58:45.594Z,131,5,26-0041-20-1666967-1-1,Documento Base de Contratacion,uDcYqRd9.docx,26-0041-20-1666967-1-1-documento_base_contratacion.docx,move,moved
926,2026-06-29T02:58:53.621Z,131,6,26-0046-34-1666403-1-1,Documento Base de Contratacion,KeiGDNQNew.docx,26-0046-34-1666403-1-1-documento_base_contratacion.docx,move,moved
927,2026-06-29T02:59:01.645Z,131,7,26-0046-34-1666361-1-1,Documento Base de Contratacion,62XfFwslp.docx,26-0046-34-1666361-1-1-documento_base_contratacion.docx,move,moved
928,2026-06-29T02:59:09.658Z,131,8,26-1312-00-1666952-1-1,Documento Base de Contratacion,YAfZIscQ.docx,26-1312-00-1666952-1-1-documento_base_contratacion.docx,move,moved
929,2026-06-29T02:59:17.683Z,131,9,26-1312-00-1666919-1-1,Documento Base de Contratacion,ZjXA3osAyI.docx,26-1312-00-1666919-1-1-documento_base_contratacion.docx,move,moved
930,2026-06-29T02:59:25.690Z,131,10,26-0951-00-1666308-1-1,Documento Base de Contratacion,qQgeO8.doc,26-0951-00-1666308-1-1-documento_base_contratacion.doc,move,moved
931,2026-06-29T02:59:43.687Z,132,1,26-1753-00-1666750-1-1,Documento Base de Contratacion,2Rrjp1.docx,26-1753-00-1666750-1-1-documento_base_contratacion.docx,move,moved
932,2026-06-29T02:59:51.698Z,132,2,26-0905-06-1658955-2-1,Documento Base de Contratacion,m12Fyl.docx,26-0905-06-1658955-2-1-documento_base_contratacion.docx,move,moved
933,2026-06-29T02:59:59.709Z,132,3,26-0905-06-1658592-2-1,Documento Base de Contratacion,GB1ptAA.docx,26-0905-06-1658592-2-1-documento_base_contratacion.docx,move,moved
934,2026-06-29T03:00:07.718Z,132,4,26-1603-00-1639179-1-2,Documento Base de Contratacion,EHjr1M.docx,26-1603-00-1639179-1-2-documento_base_contratacion.docx,move,moved
935,2026-06-29T03:00:15.725Z,132,5,26-1312-00-1666623-1-1,Documento Base de Contratacion,X7lhVSlkKX.docx,26-1312-00-1666623-1-1-documento_base_contratacion.docx,move,moved
936,2026-06-29T03:00:23.749Z,132,6,26-0015-03-1664417-1-2,Documento Base de Contratacion,nttvlP.doc,26-0015-03-1664417-1-2-documento_base_contratacion.doc,move,moved
937,2026-06-29T03:00:31.772Z,132,7,26-0902-43-1666786-1-1,Documento Base de Contratacion,tRPg3OCio.docx,26-0902-43-1666786-1-1-documento_base_contratacion.docx,move,moved
938,2026-06-29T03:00:39.779Z,132,8,26-0411-00-1666713-1-1,Documento Base de Contratacion,Llg3yI.docx,26-0411-00-1666713-1-1-documento_base_contratacion.docx,move,moved
939,2026-06-29T03:00:47.803Z,132,9,26-0903-19-1666544-1-1,Documento Base de Contratacion,cyACpkmOMH.docx,26-0903-19-1666544-1-1-documento_base_contratacion.docx,move,moved
940,2026-06-29T03:00:55.825Z,132,10,26-0291-06-1659639-2-1,Documento Base de Contratacion,GEJsFWs.docx,26-0291-06-1659639-2-1-documento_base_contratacion.docx,move,moved
941,2026-06-29T03:01:13.740Z,133,1,26-1346-00-1666849-1-1,Documento Base de Contratacion,8NBwVEIX9.docx,26-1346-00-1666849-1-1-documento_base_contratacion.docx,move,moved
942,2026-06-29T03:01:21.747Z,133,2,26-2303-00-1666884-1-1,Documento Base de Contratacion,FdZqRu.docx,26-2303-00-1666884-1-1-documento_base_contratacion.docx,move,moved
943,2026-06-29T03:01:29.769Z,133,3,26-0411-00-1645105-2-1,Documento Base de Contratacion,Y5faHvlFA.docx,26-0411-00-1645105-2-1-documento_base_contratacion.docx,move,moved
944,2026-06-29T03:01:37.780Z,133,4,26-0903-16-1666847-1-1,Documento Base de Contratacion,TDrIsL.docx,26-0903-16-1666847-1-1-documento_base_contratacion.docx,move,moved
945,2026-06-29T03:01:45.792Z,133,5,26-0903-17-1666839-1-1,Documento Base de Contratacion,H9kISd.docx,26-0903-17-1666839-1-1-documento_base_contratacion.docx,move,moved
946,2026-06-29T03:01:53.818Z,133,6,26-0903-18-1666488-1-1,Documento Base de Contratacion,OTAD9PtA5b.docx,26-0903-18-1666488-1-1-documento_base_contratacion.docx,move,moved
947,2026-06-29T03:02:01.841Z,133,7,26-1808-00-1666768-1-1,Documento Base de Contratacion,puOKcSP6Y.docx,26-1808-00-1666768-1-1-documento_base_contratacion.docx,move,moved
948,2026-06-29T03:02:09.864Z,133,8,26-0291-07-1666719-1-1,Documento Base de Contratacion,GVQGbC.docx,26-0291-07-1666719-1-1-documento_base_contratacion.docx,move,moved
949,2026-06-29T03:02:17.876Z,133,9,26-1603-00-1666687-1-1,Documento Base de Contratacion,qRw1RJt.docx,26-1603-00-1666687-1-1-documento_base_contratacion.docx,move,moved
950,2026-06-29T03:02:25.899Z,133,10,26-0903-18-1666214-1-1,Documento Base de Contratacion,etsgGUZ84.docx,26-0903-18-1666214-1-1-documento_base_contratacion.docx,move,moved
951,2026-06-29T03:02:43.815Z,134,1,26-0291-07-1666701-1-1,Documento Base de Contratacion,oRpIpz.docx,26-0291-07-1666701-1-1-documento_base_contratacion.docx,move,moved
952,2026-06-29T03:02:51.826Z,134,2,26-0054-03-1641400-3-1,Documento Base de Contratacion,EL2FizN4uK.docx,26-0054-03-1641400-3-1-documento_base_contratacion.docx,move,moved
953,2026-06-29T03:02:59.835Z,134,3,26-0291-01-1666664-1-1,Documento Base de Contratacion,GaEEDk8U.docx,26-0291-01-1666664-1-1-documento_base_contratacion.docx,move,moved
954,2026-06-29T03:03:07.859Z,134,4,26-0517-02-1666681-1-1,Documento Base de Contratacion,MCGEfkT.docx,26-0517-02-1666681-1-1-documento_base_contratacion.docx,move,moved
955,2026-06-29T03:03:15.870Z,134,5,26-1304-00-1666658-1-1,Documento Base de Contratacion,EYKos7E.docx,26-1304-00-1666658-1-1-documento_base_contratacion.docx,move,moved
956,2026-06-29T03:03:23.897Z,134,6,26-2303-00-1666673-1-1,Documento Base de Contratacion,IaaZ1mq8i.docx,26-2303-00-1666673-1-1-documento_base_contratacion.docx,move,moved
957,2026-06-29T03:03:31.904Z,134,7,26-0291-00-1666663-1-1,Documento Base de Contratacion,bpCH9EsTjl.docx,26-0291-00-1666663-1-1-documento_base_contratacion.docx,move,moved
958,2026-06-29T03:03:39.927Z,134,8,26-0517-02-1666666-1-1,Documento Base de Contratacion,kfUdAja.docx,26-0517-02-1666666-1-1-documento_base_contratacion.docx,move,moved
959,2026-06-29T03:03:47.953Z,134,9,26-0580-00-1665914-1-1,Documento Base de Contratacion,7YJzShW.docx,26-0580-00-1665914-1-1-documento_base_contratacion.docx,move,moved
960,2026-06-29T03:03:55.962Z,134,10,26-0517-02-1666649-1-1,Documento Base de Contratacion,VlGucnnOg.docx,26-0517-02-1666649-1-1-documento_base_contratacion.docx,move,moved
961,2026-06-29T03:04:13.904Z,135,1,26-1701-00-1666627-1-1,Documento Base de Contratacion,WSiVNP.docx,26-1701-00-1666627-1-1-documento_base_contratacion.docx,move,moved
962,2026-06-29T03:04:21.910Z,135,2,26-0139-00-1666219-1-1,Documento Base de Contratacion,tADfDbX4.docx,26-0139-00-1666219-1-1-documento_base_contratacion.docx,move,moved
963,2026-06-29T03:04:29.935Z,135,3,26-0291-03-1666478-1-1,Documento Base de Contratacion,lgvpiza.docx,26-0291-03-1666478-1-1-documento_base_contratacion.docx,move,moved
964,2026-06-29T03:04:37.960Z,135,4,26-1701-00-1665912-1-1,Documento Base de Contratacion,sN1U4b.docx,26-1701-00-1665912-1-1-documento_base_contratacion.docx,move,moved
965,2026-06-29T03:04:45.984Z,135,5,26-0517-02-1666450-1-1,Documento Base de Contratacion,yQiB5vta.docx,26-0517-02-1666450-1-1-documento_base_contratacion.docx,move,moved
966,2026-06-29T03:04:54.010Z,135,6,26-0517-02-1666429-1-1,Documento Base de Contratacion,W1C8HuRbFp.docx,26-0517-02-1666429-1-1-documento_base_contratacion.docx,move,moved
967,2026-06-29T03:05:02.034Z,135,7,26-0517-02-1666412-1-1,Documento Base de Contratacion,57tH7X.docx,26-0517-02-1666412-1-1-documento_base_contratacion.docx,move,moved
968,2026-06-29T03:05:10.061Z,135,8,26-1701-00-1665790-1-1,Documento Base de Contratacion,ViaA4s4W.docx,26-1701-00-1665790-1-1-documento_base_contratacion.docx,move,moved
969,2026-06-29T03:05:18.085Z,135,9,26-1701-00-1665905-1-1,Documento Base de Contratacion,6sWkRW.docx,26-1701-00-1665905-1-1-documento_base_contratacion.docx,move,moved
970,2026-06-29T03:05:26.110Z,135,10,26-0905-06-1664903-1-1,Documento Base de Contratacion,YzZzht.docx,26-0905-06-1664903-1-1-documento_base_contratacion.docx,move,moved
971,2026-06-29T03:05:44.055Z,136,1,26-0418-07-1656621-2-1,Documento Base de Contratacion,FxKI3CXl.docx,26-0418-07-1656621-2-1-documento_base_contratacion.docx,move,moved
972,2026-06-29T03:05:52.063Z,136,2,26-0291-00-1665943-1-1,Documento Base de Contratacion,E2c9wU.docx,26-0291-00-1665943-1-1-documento_base_contratacion.docx,move,moved
973,2026-06-29T03:06:00.087Z,136,3,26-0291-00-1666074-1-1,Documento Base de Contratacion,SYb5VRV.docx,26-0291-00-1666074-1-1-documento_base_contratacion.docx,move,moved
974,2026-06-29T03:06:08.114Z,136,4,26-1537-00-1665518-1-1,Documento Base de Contratacion,ESve8wH.docx,26-1537-00-1665518-1-1-documento_base_contratacion.docx,move,moved
975,2026-06-29T03:06:16.121Z,136,5,26-0418-00-1647593-2-2,Documento Base de Contratacion,VUmgNuk.docx,26-0418-00-1647593-2-2-documento_base_contratacion.docx,move,moved
976,2026-06-29T03:06:24.148Z,136,6,26-0041-26-1665693-1-1,Documento Base de Contratacion,6WypR7.docx,26-0041-26-1665693-1-1-documento_base_contratacion.docx,move,moved
977,2026-06-29T03:06:32.174Z,136,7,26-0291-00-1665780-1-1,Documento Base de Contratacion,eY2XuHQ9YG.docx,26-0291-00-1665780-1-1-documento_base_contratacion.docx,move,moved
978,2026-06-29T03:06:40.183Z,136,8,26-0291-00-1665137-1-1,Documento Base de Contratacion,OpmVtwv5g.docx,26-0291-00-1665137-1-1-documento_base_contratacion.docx,move,moved
979,2026-06-29T03:06:48.209Z,136,9,26-1206-00-1665768-1-1,Documento Base de Contratacion,udl1gV1XP.docx,26-1206-00-1665768-1-1-documento_base_contratacion.docx,move,moved
980,2026-06-29T03:06:56.227Z,136,10,26-1310-00-1665733-1-1,Documento Base de Contratacion,cTVDZQ.docx,26-1310-00-1665733-1-1-documento_base_contratacion.docx,move,moved
981,2026-06-29T03:07:14.154Z,137,1,26-0066-14-1665373-1-1,Documento Base de Contratacion,iEmTnbymF.docx,26-0066-14-1665373-1-1-documento_base_contratacion.docx,move,moved
982,2026-06-29T03:07:22.161Z,137,2,26-0025-00-1665082-1-1,Documento Base de Contratacion,FQVy6r4KJk.docx,26-0025-00-1665082-1-1-documento_base_contratacion.docx,move,moved
983,2026-06-29T03:07:30.175Z,137,3,26-0597-00-1664394-1-1,Documento Base de Contratacion,ix2LB9J3u.docx,26-0597-00-1664394-1-1-documento_base_contratacion.docx,move,moved
984,2026-06-29T03:07:38.190Z,137,4,26-0951-00-1665149-1-1,Documento Base de Contratacion,VNIKQ7.pdf,26-0951-00-1665149-1-1-documento_base_contratacion.pdf,move,moved
985,2026-06-29T03:07:46.217Z,137,5,26-1302-00-1665017-1-1,Documento Base de Contratacion,D97xMpu3rm.docx,26-1302-00-1665017-1-1-documento_base_contratacion.docx,move,moved
986,2026-06-29T03:07:54.243Z,137,6,26-0597-00-1665002-1-1,Documento Base de Contratacion,yemvlv.docx,26-0597-00-1665002-1-1-documento_base_contratacion.docx,move,moved
987,2026-06-29T03:08:02.250Z,137,7,26-0597-00-1664355-1-1,Documento Base de Contratacion,TcbF5j.docx,26-0597-00-1664355-1-1-documento_base_contratacion.docx,move,moved
988,2026-06-29T03:08:10.258Z,137,8,26-0597-00-1664377-1-1,Documento Base de Contratacion,PdpsJVjJA5.docx,26-0597-00-1664377-1-1-documento_base_contratacion.docx,move,moved
989,2026-06-29T03:08:18.272Z,137,9,26-0340-00-1664928-1-1,Documento Base de Contratacion,gSMfqwcDrT.docx,26-0340-00-1664928-1-1-documento_base_contratacion.docx,move,moved
990,2026-06-29T03:08:26.280Z,137,10,26-1334-00-1664784-1-1,Documento Base de Contratacion,LR7XutkTL.docx,26-1334-00-1664784-1-1-documento_base_contratacion.docx,move,moved
991,2026-06-29T03:08:44.274Z,138,1,26-0291-01-1660744-1-2,Documento Base de Contratacion,kQHNq75jdX.docx,26-0291-01-1660744-1-2-documento_base_contratacion.docx,move,moved
992,2026-06-29T03:08:52.281Z,138,2,26-1611-00-1664099-1-2,Documento Base de Contratacion,jPzxLEbM.docx,26-1611-00-1664099-1-2-documento_base_contratacion.docx,move,moved
993,2026-06-29T03:09:00.290Z,138,3,26-0041-26-1664335-1-1,Documento Base de Contratacion,A7Pf6wA41h.docx,26-0041-26-1664335-1-1-documento_base_contratacion.docx,move,moved
994,2026-06-29T03:09:08.316Z,138,4,26-0287-01-1591780-3-1,Documento Base de Contratacion,c7lKkeLaGz.doc,26-0287-01-1591780-3-1-documento_base_contratacion.doc,move,moved
995,2026-06-29T03:09:16.326Z,138,5,26-0287-01-1593488-4-1,Documento Base de Contratacion,Zz3Div4x.docx,26-0287-01-1593488-4-1-documento_base_contratacion.docx,move,moved
996,2026-06-29T03:09:24.351Z,138,6,26-0041-24-1663866-1-1,Documento Base de Contratacion,TLsMPvB4dS.docx,26-0041-24-1663866-1-1-documento_base_contratacion.docx,move,moved
997,2026-06-29T03:09:32.375Z,138,7,26-0041-24-1663700-1-1,Documento Base de Contratacion,NYivc9.docx,26-0041-24-1663700-1-1-documento_base_contratacion.docx,move,moved
998,2026-06-29T03:09:40.402Z,138,8,26-0078-00-1662733-1-1,Documento Base de Contratacion,WdGRNGlSh.docx,26-0078-00-1662733-1-1-documento_base_contratacion.docx,move,moved
999,2026-06-29T03:09:48.431Z,138,9,26-0206-05-1661425-1-1,Documento Base de Contratacion,sgXskBP.docx,26-0206-05-1661425-1-1-documento_base_contratacion.docx,move,moved
1000,2026-06-29T03:10:06.201Z,139,1,26-0046-38-1660991-1-1,Documento Base de Contratacion,ZOvlCWT98.docx,26-0046-38-1660991-1-1-documento_base_contratacion.docx,move,moved
1001,2026-06-29T03:10:24.243Z,140,1,14-0078-00-460482-1-1,Documento Base de Contratacion,xtWjr9dv2c.docx,14-0078-00-460482-1-1-documento_base_contratacion.docx,move,moved
1002,2026-06-29T03:10:42.039Z,141,1,14-1226-00-508273-2-1,Documento Base de Contratacion,9cDhmj.docx,14-1226-00-508273-2-1-documento_base_contratacion.docx,move,moved
1003,2026-06-29T03:10:50.060Z,141,2,14-1340-00-472826-2-1,Documento Base de Contratacion,fXCSTzqcP.doc,14-1340-00-472826-2-1-documento_base_contratacion.doc,move,moved
1004,2026-06-29T03:11:07.881Z,142,1,14-1340-00-472826-2-1,Documento Base de Contratacion,,14-1340-00-472826-2-1-documento_base_contratacion,move,missing_download
